question,answer,docid,dataType,title,content
孩子爲什麼容易在手術前感到緊張或焦慮？,"根據原文“孩子們很容易在手術前感到緊張或焦慮,因爲他們不太容易理解複雜的醫學術語。此外,醫生也不願意向16歲以下的兒童開抗焦慮藥物。”可知，孩子們容易在手術前感到緊張或焦慮是因爲他們不太容易理解複雜的醫學術語，而且醫生也不願意向16歲以下的兒童開抗焦慮藥物。",73999,健康,access sports用vr緩解手術焦慮,"等待一場手術,即使是小手術,也會讓人緊張不已。研究顯示,虛擬現實(vr)不僅有助於向患者科普手術相關知識,還能緩解他們的焦慮情緒。access sports運用這一技術幫助患者在不使用抗焦慮藥物的情況下保持平靜。access正在嘗試使用vr頭顯緩解等待手術病人的焦慮情緒。病人在進手術室前或在術後恢復過程中可選擇使用vr頭顯。選擇佩戴vr頭顯無需支付額外費用,一些手術患者或在診所進行小手術的病人都可以使用。這些vr設備專爲臨牀應用設計,患者可以通過虛擬方式到達不同地方獲得不同體驗,患者還能選擇遊戲、旅遊、體育、音樂或自然等主題。appliedvr進行的一項研究表明,臨牀前結果顯示使用了vr技術的患者其焦慮情緒降低了63%,疼痛感也下降了24%。在access提供的演示視頻中,vr抗焦慮室爲一位6歲小男孩帶來了極大的幫助。孩子們很容易在手術前感到緊張或焦慮,因爲他們不太容易理解複雜的醫學術語。此外,醫生也不願意向16歲以下的兒童開抗焦慮藥物。這樣一來,vr就成了受到家長和孩子歡迎的替代選擇。其他的醫療機構也在嘗試將vr用於患者。一家澳大利亞養老機構使用vr幫助老年人脫離臨牀環境；一家兒童醫院也使用vr作爲科普工具幫助患者和家人理解需要治療的複雜疾病。還有一項持續開展的項目正通過使用vr來戒斷上癮症並緩解疼痛。 特別聲明:以上文章內容僅代表作者本人觀點,不代表新浪看點觀點或立場。如有關於作品內容、版權或其它問題請於作品發表後的30日內與新浪看點聯繫。"
患有肝炎的患者應該如何調整心態和進行有效治療？,"根據原文“對於患上肝炎疾病的患者來說,首先要要調整好心態,不能降低心情,其實肝炎還是能夠治癒的,所以開展積極的有效的治療是十分重要的。”患有肝炎的患者應該調整好心態，相信肝炎是可以治癒的，並積極開展有效的治療。",78546,健康,"一旦患有肝炎,生活中儘量多喫4物,或助你修復肝硬化,遠離肝炎","對於患上肝炎疾病的患者來說,首先要要調整好心態,不能降低心情,其實肝炎還是能夠治癒的,所以開展積極的有效的治療是十分重要的。一旦患有肝炎,生活中儘量多喫4物,或助你修復肝硬化,遠離肝炎！ 薺菜 薺菜味甘、歸肝、脾經,具有清肝火,消熱毒的功效。而且薺菜的營養豐富,特別是它所含的維生素b,能夠祛除肝臟中多餘的脂肪,同時,還能增強肝臟的消炎能力,提高免疫力。所以,一旦患有肝炎,不妨多喫一些薺菜,或助你修復肝硬化,遠離肝炎。 紅棗 紅棗是我們平時比較常見的一種食物,用紅棗泡水喝,可以增加體內的血清蛋白,對肝細胞有很好的修復作用,達到養肝排毒的作用。注意用紅棗泡水喝,需要把紅棗撕成小片泡水,其有效成分才能更好的溶於水,也利用消化。 牛奶 牛奶是我們生活中比較常見的一種飲品,有很多人都喜歡喝牛奶。牛奶中含有優質蛋白質、人體易吸收的乳糖與乳脂、多種維生素、豐富的鈣與磷及多種微量元素。一旦患有肝炎,平時多喝一些牛奶,或助你修復肝硬化,遠離肝炎。 葛根 葛根的營養價值十分豐富,在幫助肝細胞修復的同時,還能夠在肝細胞周邊形成一個保護膜,提高肝臟免疫力,加快肝功能恢復。此外,還可以有效清除身體中出現的毒素和有害物質。因此,一旦患有肝炎,不妨多喫一些葛根,或助你修復肝硬化,遠離肝炎。"
失眠問題的治療要從哪些方面進行綜合調整？,"根據原文“失眠的發生不是一個單純的生理性問題。它是心身綜合狀態的一個窗口,也就是說,失眠是心身失調的結果。調整失眠要從心理、身體等多維度進行綜合調整。”可知，失眠問題的治療要從心理和身體等多維度進行綜合調整。",28740,健康,"專家支招""如何睡個好覺""","本報訊(記者劉波)今天是世界睡眠日。自新冠肺炎疫情發生以來,一些市民出現了入睡困難、易醒、多夢、早醒等失眠問題。天津市中醫藥研究院附屬醫院心身疾病科主任醫師梅妍提示,疫情期間出現的失眠多爲短期、急性失眠,人們應當學會積極、科學的調整,以免轉化爲慢性失眠。 梅妍介紹,失眠因人們的年齡和性別而不同。研究表明,人的睡眠時間和質量會隨着年齡的增長而逐漸縮短和下降。另有研究顯示,女性比男性的失眠問題更爲多見。這或許與女性的性激素在一生中變化幅度更大,性格更加敏感、細膩有關。而且失眠的發生不是一個單純的生理性問題。它是心身綜合狀態的一個窗口,也就是說,失眠是心身失調的結果。調整失眠要從心理、身體等多維度進行綜合調整。 首先,不該睡覺的時間不要躺在牀上。有的人晚上沒睡好,就總希望白天補上一覺,結果白天睡了幾個小時,到了晚上就更感覺睡不着、睡不好,天長日久就形成了晝夜顛倒的惡性循環。因此,有失眠問題的人,即使晚上睡不好,白天也不能長時間補覺。睡眠問題要從白天、傍晚、夜間進行全程管理,以建立正常的晝夜節律。 其次,要建立""精神開關""。有睡眠問題的人要安排好日常的生活內容,把自己的精神狀態慢慢培養成如電源開關一樣,白天""打開電源"",使身體和精神處於工作運轉、興奮和活躍的狀態；到了晚上,才能感到身體和精神的疲勞,進入""關閉電源""、休息的狀態。這樣才能建立起良好的晝夜節律,人們的生物鐘處於正常狀態,進而保持心身的健康。 再次,建立""睡眠儀式""。晚上睡覺之前,人們可以做一些準備工作,並形成固定的內容,比如做好個人衛生、關閉電視機、放下工作、聽聽舒緩的音樂、鋪牀等,在固定的時間做固定的事情。"
什麼是中樞性尿崩症的主要原因？,根據原文“中樞性尿崩症主要因爲神經系統受損導致抗利尿激素分泌不足”，中樞性尿崩症的主要原因是神經系統受損導致抗利尿激素分泌不足。,35261,健康,"中樞性尿崩症主因是抗利尿激素缺乏,對因治療是關鍵","尿崩症按照發病原因可分爲中樞性尿崩症和腎性尿崩症,中樞性尿崩症主要因爲神經系統受損導致抗利尿激素分泌不足,而腎性尿崩症則主要是腎臟對抗利尿激素不敏感所致。 抗利尿激素,顧名思義是一種阻止尿液排出的激素,該激素主要由下丘腦-垂體系統分泌,作用於腎臟的集合管,讓腎臟對腎臟中的原尿進行濃酸和重吸收,最終形成尿液排出體外。 當下丘腦-垂體系統受到損傷時,可能會影響影響抗利尿激素分泌,如果作用於腎臟集合管抗利尿激素不足,腎臟就不能對腎臟中的原尿進行濃縮和重吸收,這就是中樞性尿崩症的發病機制。 因此,中樞性尿崩症患者常常表現出多飲、多尿、精神性煩渴、低比重尿和低滲透壓尿等症狀,如果患者爲兒童,他們往往更喜歡喝冰水和甜飲料。 由於腎臟對原尿中的水分重吸收作用減少,長期體內缺水會出現皮膚乾燥、蒼白、不易流汗等現象,通常中樞性尿崩症患者的日均飲水量會高於4l,尿液以低比重尿爲主,顏色清淡且異味少。 中樞性尿崩症要及時治療,否則長期的頻繁飲水、排尿會影響患者正常作息,嚴重者會出現抑鬱、精神淡漠等表現,如果是兒童患者,如果不及時治療會影響兒童的生長發育。 引起中樞性尿崩症的原因有很多,比如腫瘤(顱咽管瘤、視神經膠質瘤)、外傷(車禍、顱腦手術損傷)、感染(腦膜炎、結核等)和其他的原因(缺氧、窒息和腦室內出血等原因)。 雖然中樞性尿崩症發病原因很多,但是總歸一點是由於抗利尿激素缺乏,因此患者確診爲中樞性尿崩症後,一定要針對性的補充抗利尿激素,以恢復患者正常的尿液濃縮功能,正常排尿。 醋酸去氨加壓素(商品名彌凝)已經進入中國市場多年,在治療中樞性尿崩症上深受醫生和患者的推崇。 醋酸去氨加壓素的化學式結構爲1-去氨基,8-d-精氨加壓素醋酸鹽,是一種天然精氨酸加壓素的人工合成類似物。化學結構的改變,使得醋酸去氨加壓素比精氨酸加壓素的起效時間更短、作用時間更長而且不產生升壓等副作用。 患者服用醋酸去氨加壓素後可以減少尿液排出,增加尿滲透壓,降低血漿滲透壓,從而減少尿量和排尿次數。 據瞭解,醋酸去氨加壓素按照製劑規格可以分爲100mg和200mg的片劑,一般成人和兒童的初始劑量爲每次100mg,每日三次,醫生可以根據患者的療效調整給藥劑量。"
爲什麼免疫力被破壞可能導致患上白血病？,"根據原文“因爲免疫系統正常的情況下,血液中的白細胞、紅細胞和血小板是處於一個平衡狀態。可免疫力被破壞,人體就會很虛弱,會受到細菌和病毒的侵害,就會出現異常的白細胞,導致白血病的發生。”免疫力被破壞會使人體變得虛弱，易受到細菌和病毒的侵害，導致異常的白細胞增加，進而引發白血病。",74544,健康,"爲什麼越來越多的孩子患上白血病?醫生說,跟這2個原因有關","白血病也叫血液系統腫瘤,由於骨髓內造血功能被破壞,導致身體不能正常造血。這是一種非常危險的疾病,雖然治癒率在不斷的上升,但還是有一些白血病很難治療,只能緩解症狀。 很多時候,患上白血病的往往是孩子,由於孩子的抵抗力比較低,在還生長和發育階段,比成年人更容易患上白血病。 那麼,到底是什麼原因導致了患上白血病？ 人體免疫力被破壞: 人體的免疫系統承擔着重要作用,如果受到嚴重破壞,很有可能會引起白血病的發生。 因爲免疫系統正常的情況下,血液中的白細胞、紅細胞和血小板是處於一個平衡狀態。可免疫力被破壞,人體就會很虛弱,會受到細菌和病毒的侵害,就會出現異常的白細胞,導致白血病的發生。 所以,提高自身的免疫力尤爲重要,在飲食中多喫一些蛋白質食物,避免長時間的熬夜、吸菸、飲酒等習慣,還要經常鍛鍊身體,把自身的免疫系統提升上去。 甲醛、苯有害氣體: 甲醛、苯等有害氣體,也是導致患上白血病的一個主要原因。因爲這類有害氣體進入身體後,會隨着呼吸系統進入血液中,使得造血組織及神經系統受到嚴重破壞,從而引起白血病的發生。 甲醛、苯這類有害氣體無色無味,經常出現在建築材料中,而且不容易揮發,這也就是爲什麼新裝修的房子容易產生甲醛、苯的原因。甲醛濃度爲0.1ppm的空氣中,就可能會引起頭痛、呼吸困難的症狀。 建議大家剛裝修的房子不要立即入住,開窗通風一段時間,至少需要半年的時間。而且還要找專業的測甲醛、苯有害氣體的單位,進行檢查,沒問題後再去入住。"
什麼樣的女性容易成爲乳腺癌的高危人羣？,根據原文“6大類乳腺癌的高危女性人羣”可知，未育者及35週歲初育者、月經初潮小於12週歲的女性、多次墮胎的女人、重度乳腺增生者、長期進行放射治療者、一級親屬患有乳腺癌者都容易成爲乳腺癌的高危人羣。,73569,健康,"乳腺癌""選人""有6個標準,希望你不是其中之一","在生活中我們都知道每個女性都可能會遇到一些乳腺方面的疾病,尤其是對這個乳腺癌在發生的時候真的是非常危險的,乳腺癌選人,肯定有這6個標準,希望你不在這其中之一的,我們就應該來看看乳腺癌在發生的時候到底有哪些症狀表現的呢？ 6大類乳腺癌的高危女性人羣 1、未育者及35週歲初育者 有的人,因爲一些原因,而不準備要小寶"",感覺這樣自己的人生,也會輕鬆些許,但是,你知道嗎,如果一直不生育的女性,得乳腺癌的幾率會比生育過孩子的女性得乳腺癌的幾率要高,而進行過母乳餵養的女性患乳腺癌的幾率會更低。而生育者中,35週歲之後生育的比35週歲之前生育的女子患乳腺癌的概率高。 2、月經初潮小於12週歲的女性 一般來說,女的第一次來那個的時候,差不多是在12-14之間,但是,現在,由於一些因素的影響,使得很多小女孩的月經初潮也受到了一定的影響。如果在12歲之前就來,那時女性的很多地方沒有發育成熟,會使得各項功能照其他人弱一些,這其中就包括我們的乳腺。而乳腺功能一旦降低,患乳腺癌的風險也就大大的增加了。 3、多次墮胎的女人 這一點,在這類患者當中也是比較多見的一個發病因素,這主要是如果女的經常有這樣傷害身體的行爲,那麼,這個女的體內的激素水平就會變得非常不穩定,身體中激素平衡就會被打破,增生性乳房突然停止生長,乳腺癌的患病率就會增加,且受年齡影響,十八歲前首次流產的風險比未流產的婦女高百分之一百五十,而自然流產,與患乳腺癌疾病無關。 4、重度乳腺增生者 這個情況,在女的當中着實不少見,這也形成了一個弊端,就是大家都覺得,反正很多人有,那肯定不礙事,但其實這樣是很危險的,因爲女性朋友如果長期有乳腺增生的情況,卻沒有及時治療,或者是治療的不徹底的話,那麼,時間一久,就會增加腫塊癌變的幾率。 5、長期進行放射治療者 這一點其實挺讓人無奈的,主要就是指一些女性朋友,因爲一些病的原因,而不得不長期的進行這項治療,雖然可以緩解要治療的疾病,但是同時也會給接受治療的患者帶來傷害,長期放療可改變人的基因,使其發生基因突變,而癌症就是基因突變造成的後果之一。尤其是胸部放射性治療,直接穿透乳腺,發生癌變的幾率會更高。 6、一級親屬患有乳腺癌者 如果你有母親、姐妹是乳腺癌患者的話,那麼,你患病的幾率就會比常人高。另外,如果親屬中有卵巢癌患者的人羣也要當心乳腺癌的發生。 其實我們大家都知道乳腺癌在發生的時候,真的是非常影響着我們的身體健康,所以大家一定要多注意在發生這個乳腺癌的時候儘快的去接受檢查和治療,尤其是經常愛生氣或者平時的時候不注意自己的保健問題,這種情況都是非常危險的,可能會導致身體出現一些乳腺疾病的現象。"
中老年人容易受傷的膝蓋問題有哪些？,"根據原文“人們在日常生活中一定要注意膝蓋保暖,尤其是夏天在空調房,穿着清涼的女性最好在腿上蓋張小毛毯”可知，中老年人容易受傷的膝蓋問題包括長時間保持一個動作、缺少肌肉、脂肪組織保護、長時間保持一個動作時不活動身體等。",58715,健康,"人老腿先衰:這三種運動其實挺傷膝蓋,一旦損傷很難修復","步入中老年階段的人常會說這樣一句話:""人老腿先衰""。膝蓋是人體最大最複雜的關節,一旦膝關節損傷了,就會讓人感到相當痛苦,嚴重時甚至連走路都會很困難。這主要是由於中老年人在年輕時沒有好好保護膝蓋,隨着年齡的增長,膝蓋就會出現退化、疼痛的狀況。可見,人們想要老來不遭受膝蓋的疼痛,就得好好保護自己的膝關節。現在很多人越來越關注自己的健康問題,堅持運動的人也變多了,俗話說""生命在於運動""嘛。雖然運動確實能夠強身健體,但膝蓋不好的人,運動得""挑着做"",儘量不要做一些對膝蓋傷害比較大的運動。那麼,哪些運動對膝蓋傷害比較大呢？細數傷膝蓋的運動第一、爬山爬山是很多中老年人比較偏愛的鍛鍊項目之一。爬山雖然能夠增強人們的心肺功能,但也會傷害人們的膝蓋。這到底是爲什麼？因爲人們在爬山的過程中,人的膝蓋往往處於彎曲的狀態,一旦膝蓋長時間彎曲就會加大膝關節的負擔,從而使得軟骨獲得養分不足以及過度磨損。這樣一來受累的只有膝蓋,嚴重時還會引起軟骨病變。第二、球類運動球類運動如足球、籃球是年輕人喜歡的運動方式,也是最容易傷害膝蓋的運動。這主要是因爲球類運動屬於激烈型運動,運動過程中碰撞激烈的現象很常見,這就加大了傷害膝蓋的風險；另外,人們在運動時常常需要配合彈跳的動作,而彈跳頻率越高,對膝蓋的傷害越大。第三、跑步跑步是一項很簡單的動作,只需要兩步:腿跨出後落地,再次蹬地。而在跑步的全過程中,就是無數次循環同一個動作。而每次人們跑步落地時的衝擊力,對膝蓋的影響極大。人們跑步的速度越快,膝關節所承受的衝擊力和磨損就越大。那麼,人們日常該如何保護自己的膝關節呢？保護膝蓋,從點滴小事做起運動鍛鍊不可缺在日常生活中人們缺少不了運動鍛鍊,因此人們想要保護好自己的膝關節,可以做一些對膝蓋幾乎沒有影響的運動,比如游泳、普拉提、騎自行車等。其中游泳是所有運動中對膝關節衝擊最小的,在水中人體的各關節基本不負重,這不僅能保護人的膝關節還能增強人的心肺功能。注意膝蓋保暖膝蓋是一個最容易受涼的地方,這主要是因爲膝關節局部缺少肌肉、脂肪組織的保護。一旦膝蓋長期受涼就會導致人們出現膝關節疼痛、腫脹的情況。因此人們在日常生活中一定要注意膝蓋保暖,尤其是夏天在空調房,穿着清涼的女性最好在腿上蓋張小毛毯。不要長時間保持一個動作對於很多人來說,長時間保持一個動作是最常見的事,比如久坐、長時間站立、長時間走路等。往往這些行爲都會使膝關節受到一定的損傷。因此在人們長時間保持一個動作時,一定要記住多活動身體,同時每隔1-2個小時就改變一下姿勢。膝蓋的健康大多掌握在自己的手中。在日常生活中好好地保護膝蓋,等老了就不用爲膝蓋疼痛而煩惱了！編輯:顧軍 陳曦責任編輯:張鵬來源:39健康網、搜狐網 特別聲明:以上文章內容僅代表作者本人觀點,不代表新浪網觀點或立場。如有關於作品內容、版權或其它問題請於作品發表後的30日內與新浪網聯繫。"
爲什麼過辣的食物會增加胃病的惡化？,"根據原文“過辣的食物會引起消化道充血,損傷胃臟的健康,誘發胃炎,胃潰瘍,同時也會增加胃病的惡化”，可知過辣的食物會引起消化道充血，損傷胃臟健康，導致胃炎和胃潰瘍，從而增加胃病的惡化。",97197,健康,"以下這三種食物,是胃癌的""幫兇"",最好少碰!","以下這三種食物,是胃癌的""幫兇"",最好少碰！ 1、麻辣食物 麻辣食物是很多人難以拒絕的飲食,雖然美味,但是對胃臟的損傷也是不容小視的。 過辣的食物會引起消化道充血,損傷胃臟的健康,誘發胃炎,胃潰瘍,同時也會增加胃病的惡化,經常食用,不利於身體的健康。 2、過燙食物 人的胃臟是有最基礎的保護膜,而最高承受的溫度就是50-65攝氏度,而剛燒開的水,剛出鍋的食物,火鍋等這些食物的溫度均在80攝氏度以上。 過燙的食物會對胃造成一定的損傷,使食道黏膜,胃粘膜病變,增加胃炎,甚至是胃癌的發病幾率。 3、醃製食物 醃製食物,自身會損失掉一部分營養物質,並且含有大量的鹽分,會直接造成胃粘膜的損傷,同時食物在醃製過程中,會產生致癌物亞硝胺,同樣也是胃癌的""催化劑""。 所以重口味的人,要合理控制鹽的攝入,已經鹹菜,燻肉等一些""隱形鹽""的攝入。 養護胃臟,預防胃癌,做好這幾件事: 1、以""食""養胃 食物是養胃的基礎,不健康的飲食也是導致胃臟損傷的主要的因素。 小米粥,是養胃的佳品,有暖胃止嘔,保護胃粘膜,修復胃臟損傷的作用,尤其是已經患有胃病的人,常喫小米加速胃病的修復。 山藥,具有健脾益氣的功能,其中的澱粉酶可加速腸胃的蠕動,減輕胃臟的垃圾毒素,提升免疫力,預防胃癌的發生。 紅棗,古書上記載,有養脾胃的功效,補氣補血,修復胃臟的損傷,最好的食用方法就是泡水,或是煮粥。 2、以""水""養胃 如話說""胃是三分治七分養"",除了飲食要注意,平時常飲溫水,可促進胃的消化代謝,保護胃粘膜。 或是再水加入一下消炎養胃的小植物,用用蒲公英,搭配紅皮,做成蒲公英紅皮茶泡水飲用。 現代藥理研究表明,蒲公英,可殺滅幽門螺桿菌,修補胃黏膜,改善潰瘍,緩解胃痛,對胃部健康,大有益處。 清代《外科證治全生集》中這樣寫道:""蒲公英瓦上炙枯黑存性,研末火酒送服治胃脘痛。"" 紅皮,也是養胃佳品,可理氣健脾、調中和胃,刺激胃腸道平滑肌,促進消化,排腸道積氣,增強食慾,適用於脘腹脹滿、噯氣、噁心、嘔吐、納呆倦怠、大便溏薄以及咳嗽痰多等症狀。 對於經常消化不良,腹脹,噁心,反酸等胃不好的人,適當的在兩餐之間,喝一些小植物茶,安全健康,沒有副作用。 3、以""慢""養胃 慢慢的喫飯,不僅可控制體重,也可預防胃臟疾病,減少癌症的發生。 細嚼慢嚥可促進胃液的分泌,在不斷的咀嚼的過程中會,充分的將食物研磨,消化,吸收,有效的減輕胃的負擔,降低食物對胃的損傷。 同時唾液澱粉酶,也有助於胃臟的消化,預防腹脹,胃酸增多等不良的症狀,形成保護胃部的薄膜,預防疾病的侵蝕。 專家建議,每餐細嚼慢嚥的時間最好在20-30分鐘左右。 4、以""穴""養胃 神闕穴,即肚臍,又名臍中,是人體任脈上的要穴 功效:有養胃護胃,提升身體免疫力的作用功效,緩解胃寒,胃部舒服等症狀。 內關穴,位於前臂正中,腕橫紋上2寸,在撓則屈腕肌腱同掌長肌腱之間取穴。 功效:滋養胃部,調理胃部,理氣止痛,和中止嘔之效。 中脘穴,位於人體正中線上,肚臍上面胸骨下端連線的中間處就是中脘穴。 功效:主治疾病有消化系統疾病,腹脹、腹痛,是養胃重要的穴位之一。 圖片來源網絡,如侵權,麻煩聯繫刪除,謝謝！"
爲什麼洗手時使用盆接水會讓手越洗越髒？,"根據原文“用盆接水洗用盆接水,洗手時盆裏的水已經髒了,甚至多人合用一盆水,會讓手越洗越髒。”可知，使用盆接水洗手時，洗手的盆裏的水已經被污染，甚至如果多人合用一盆水，會導致手越洗越髒。",69263,健康,"你的雙手攜帶1000萬細菌,比抹布還髒!附正確七步洗手方法","你是不是認爲洗手用流水衝一衝,手就洗乾淨了？美國研究發現,每個人雙手攜帶的細菌有1000萬個,遠超過被稱爲""細菌炸彈""的廚房抹布！日常生活中,手會在不知不覺中接觸大量的細菌、病毒。有可能引發腹瀉、皮膚及呼吸道感染等疾病。細菌多？病毒多？怕感染！怎麼辦？洗手,洗手,快洗手！那麼如何洗手才正確？南京鼓樓醫院的七位專家親授正確又簡單的七步洗手方法戳視頻↓原來洗個手,有這麼多的講究。你get了嗎？這些時候該洗手飯前便後；喫藥前；接觸錢幣後；打掃完衛生後；抱孩子之前；去醫院、商場等公共場所、接觸公共設施後；接觸過血液、淚液、鼻涕、痰液、唾液後；接觸及照護患者後,如接觸患者皮膚或衣物、給患者餵食、喂藥、擦身、量體溫、協助患者刷牙、更換假牙、大小便等。洗手時易中招的誤區誤區一:不願洗手總覺得自己""抵抗力強"",沒有養成洗手的良好習慣。誤區二:單純""水洗""不用肥皂或洗手液,單純""水洗"",不能有效去除手部污垢,大量病毒和病菌還停留在手上。誤區三:洗手時間過短整個洗手過程約40-60秒,其中揉搓不少於15秒,洗手時間短、沖洗遍數少,對去除病菌作用不大。誤區四:以擦代洗用溼紙巾擦手代替洗手,只能少量去除手部污染。誤區五:用盆接水洗用盆接水,洗手時盆裏的水已經髒了,甚至多人合用一盆水,會讓手越洗越髒。誤區六:洗手次數過多會對手部皮膚造成傷害,若手部有裂口,皁液會滲透到裂口,造成感染。誤區七:共用幹手毛巾最好用一次性幹手紙或一人一條毛巾,用後及時清潔並乾燥。原來洗手這事這麼重要！轉發分享告訴家裏人~(文章來源於現代快報,版權歸原作者所有,如造成侵權請告知！) 特別聲明:以上文章內容僅代表作者本人觀點,不代表新浪網觀點或立場。如有關於作品內容、版權或其它問題請於作品發表後的30日內與新浪網聯繫。"
爲什麼老年人亂用按摩器可能會對健康造成損害？,"根據原文“按摩椅、電動按摩器在現代生活中比較常見,很多人用來緩解身體疲憊和痠痛症狀。然而身體有疾病的老人使用時,如果力度拿捏不準,可能引起骨折。如果老人本身存在頸椎錯位、骨質疏鬆等症狀,在較大強度的震動刺激下還會導致腦供血不足、壓迫神經,引起手臂麻木和疼痛。”根據原文可知，老年人亂用按摩器可能會由於力度不準引起骨折，還可能加重頸椎錯位和骨質疏鬆等疾病，導致手臂麻木和疼痛。",27095,健康,健康提醒丨當心!亂用按摩器傷老人筋骨,"年紀大了,常常腰痠背痛,孝順的兒女就給父母買按摩器。有些老人長期使用後,導致頸部神經受損,出現頭暈、噁心、嘔吐等症狀。 不當使用傷筋骨。按摩椅、電動按摩器在現代生活中比較常見,很多人用來緩解身體疲憊和痠痛症狀。然而身體有疾病的老人使用時,如果力度拿捏不準,可能引起骨折。如果老人本身存在頸椎錯位、骨質疏鬆等症狀,在較大強度的震動刺激下還會導致腦供血不足、壓迫神經,引起手臂麻木和疼痛。有心腦血管疾病的老人使用頸肩部按摩器時,如果頻率過高,會加速血液流動,頸動脈竇受壓導致血壓驟然下降,引起頭暈眼花,甚至突然暈厥。更重要的是,老人大多存在動脈粥樣硬化斑塊,不當的儀器振動極可能引起頸部血管內斑塊脫落,隨血液流至大腦,堵塞腦血管,導致中風。另外,有的老人由於患有動脈硬化,頭頸部振動會導致""耳石""脫落,刺激內耳半規管,出現眩暈、嘔吐症狀。因此,凡是以振動、抖動達到按摩或減肥效果的電器,都不太適合老人,長期使用還會對皮膚、皮下組織、內臟有損害。老人應根據身體情況,儘量選擇局部或穴位按摩器材,使用時要以柔和、舒適爲度。"
省級醫學中心的功能定位是什麼？,"根據原文“省級醫學中心的功能定位爲:在疑難危重症診斷與治療、高層次醫學人才培養、高水平基礎醫學研究與臨牀研究成果轉化、解決重大公共衛生問題、醫院管理等方面代表全省先進水平,具備國內競爭力,發揮牽頭作用,引領省域醫學技術發展方向,爲政策制定提供支持,協同國家區域醫療中心、省區域醫療中心、縣域醫療中心帶動全省醫療、預防和保健服務水平整體提升。”可知，省級醫學中心的功能定位在疑難危重症診斷與治療、醫學人才培養、醫學研究與成果轉化、解決公共衛生問題等方面具備國內競爭力，並在醫學技術發展方向上發揮引領作用，爲整體提升醫療、預防和保健服務水平提供支持。",56749,健康,全省14個省級醫學中心名單確定,"全省14個省級醫學中心主體醫院名單確定啦！2019年12月31日,省衛生健康委發文公佈心血管、神經疾病、腫瘤醫學等14個省級醫學中心主體醫院名單。這14個省級醫學中心建設主體醫院分別是: (一)心血管醫學中心:河南省人民醫院(華中阜外醫院)； (二)神經疾病醫學中心:鄭州大學第一附屬醫院； (三)腫瘤醫學中心:河南省腫瘤醫院； (四)兒童醫學中心:河南省兒童醫院； (五)眼科醫學中心:河南省人民醫院； (六)呼吸醫學中心:河南省人民醫院； (七)老年醫學中心:河南省人民醫院； (八)創傷醫學中心:鄭州大學第一附屬醫院,協同單位爲鄭州市中心醫院； (九)婦產醫學中心:鄭州大學第一附屬醫院,協同單位爲鄭州大學第三附屬醫院； (十)骨科醫學中心:鄭州大學第一附屬醫院； (十一)口腔醫學中心:鄭州大學第一附屬醫院； (十二)傳染病醫學中心:鄭州大學第一附屬醫院； (十三)康復醫學中心:鄭州大學第五附屬醫院； (十四)精神醫學中心:新鄉醫學院第二附屬醫院(河南省精神病醫院)。 據瞭解,省級醫學中心的功能定位爲:在疑難危重症診斷與治療、高層次醫學人才培養、高水平基礎醫學研究與臨牀研究成果轉化、解決重大公共衛生問題、醫院管理等方面代表全省先進水平,具備國內競爭力,發揮牽頭作用,引領省域醫學技術發展方向,爲政策制定提供支持,協同國家區域醫療中心、省區域醫療中心、縣域醫療中心帶動全省醫療、預防和保健服務水平整體提升。 省級醫學中心的職責任務爲:開展全省疑難危重症的診斷與治療,示範、推廣適宜有效的高水平診療技術,輻射和引領全省醫學發展和醫療服務能力提升；培養臨牀技術骨幹和學科帶頭人；整合現有資源建立全省主要疾病信息庫,進行年度情況分析,預測疾病發病和死亡、危險因素流行和發展趨勢,有針對性的組織開展全省多中心、大樣本的臨牀研究,及時將國內外臨牀科研成果轉化爲臨牀應用；協助省級衛生健康行政部門制訂疑難危重症的診療規劃,編制疾病診療指南、技術規範和有關標準；整合資源,推動開展疾病防治及醫療保健技術交流與合作；承擔突發公共事件的醫療衛生應急救援；認真落實醫改任務,積極參與公立醫院綜合改革。"
如果我發現自己的指甲上出現了長豎紋的情況，可能是什麼原因導致的？,"根據原文“指甲上出現豎紋？別瞎猜了,也許是它在'作怪'”，可知可能是由遺傳因素、外傷、營養不良、肝腎問題、壓力過大或缺鐵性貧血等原因導致的。",28732,健康,"再三告誡:指甲上出現豎紋?可能是它在""使壞"",切莫視若無睹","在生活中,隨着人們養生意識的增強,在平時也是非常注重自身的變化,可能對於女性朋友而言,相對比較愛護美甲。 所以在平時,也會發現自己的指甲上會出現一些長豎紋的情況,可能多數人並不在意,其實出現這種現象,也是身體向你發出的一些求救暗號,以下幾點,希望你別不當回事。 指甲上出現豎紋？別瞎猜了,也許是它在""作怪"",幸好看到了 與家族遺傳有關。其實在日常生活中,若發現自己的指甲上出現了一些長豎紋的情況,可能從小就帶有,這與遺傳因素,也有一定的聯繫。 而出現這種情況,也不用太過擔心,並不會對身體造成太大的影響,在平時注重保養指甲,這也是非常重要的,希望你能夠特別注意。 外傷導致。對於女性朋友來說,相對比較愛美,所以在平時也會選擇做一些美甲,但殊不知,做美甲,對指甲的傷害是非常大的,很容易就會導致指甲碰傷,出現長豎紋的問題。 往往也會在兩週左右治癒,所以在平時,像美甲也是最好少做,這樣或許可以避免對自己造成傷害,希望你能夠放在心上,可別視若無賭。 營養不良。可能在生活中,越來越多的女人由於挑食的毛病,也是導致所攝入的營養不均衡,這樣就會出現營養不良的情況,這樣的話,就很容易導致人影人體營養物質的缺乏。 像常見的維生素a,這也是維持人體上皮組織健全的必要元素,如果缺少與維生素a的話,也會導致指甲出現長豎紋的情況,對身體健康不利。 所以,在平時要注重適當的調理,保持合理均衡的飲食攝入,或許有助保護指甲,避免出現長豎紋的問題。 與肝腎有關。在生活中,如果發現自己的指甲上出現了長豎紋的問題,而且伴隨出現豎紋發黑的情況,其實這與肝臟和腎臟受到損傷也有一定的聯繫。 肝臟和腎臟作爲重要的排毒代謝器官,一旦受損的話,就會影響到正常的毒素代謝,而指甲屬於血液循環的末端,從而就會導致肝血和肝氣供應不足,這樣也會導致指甲缺少營養,出現長豎紋的問題。 所以在平時,也要注重適當的保養,這樣或許有助維持人體正常的功能運轉,希望你能夠特別注意。 與壓力過大有關。現在隨着生活節奏的加快,對於越來越多的年輕人來說,可能長期處在高壓的情況下,也會導致自身的心理受到一定的影響,同時也會影響到個人的健康,出現指甲上長豎紋的問題。 這是因爲長期緊張,就會使大腦處於不緊的狀態,影響到正常的睡眠,也會影響各項器官的修復與排毒,造成指甲長皺紋的現象。 所以在平時,也要注重釋放自身的壓力,學會保護身體健康,希望你別視若無睹。 與缺鐵性貧血有關。在日常生活中,如果你就發現自己的指甲上出現長豎紋的情況,其實也是缺鐵性貧血在使壞的一個信號,可能很多女性會存在貧血的問題。 這樣也會導致出現頭暈,臉色不好的現象,而且指甲部位也會出現長豎紋的問題,所以在平時,一定要注意適當的補充。 可以常喫一些菠菜或者是動物肝臟等富含鐵元素的食物,有助於預防缺鐵性貧血的發生,同時也可以緩解指甲上長豎紋的問題,希望你能夠特別注意,幸好看到了。 今天的分享就到這裏,喜歡可以關注小編,感謝您的閱讀與支持,願您身體健康又逍遙,下期見。"
冬天天氣寒冷時，哪些身體部位容易出現舊病復發的情況？,"根據原文“頭 頭爲一身之主宰,諸陽所會,百脈相通,一旦受到寒邪侵襲,易引發感冒、鼻炎、頭痛、牙痛、三叉神經痛等。頭部還是最不善於留住熱量的部位。”，“頸部 頸部是*的""要塞"",上承頭顱,下接軀幹,還是咽喉要道,更是心腦血管的必經之路,這使它""身體""格外嬌貴,一旦受寒,頸椎病、咽炎、腦血管病就會接踵而來。”，“膝蓋 膝部受涼可導致關節局部肌肉和血管收縮,引起關節疼痛。”，“耳朵 耳朵體積小,接觸空氣的面積大,熱量很容易散發。外加耳朵皮膚薄,耳廓缺少皮下脂肪的保護,極易長凍瘡。”，“鼻子 鼻子也經常裸露在外,如果鼻黏膜接觸冷空氣,黏液分泌會減少,毛細血管會變脆,鼻子的""屏風""作用就變差,從而導致病菌進入肺內,增加呼吸道感染的幾率。”，“背部 背爲陽中之陽,忽視背部保暖,易受風寒之邪入侵,耗傷*陽氣,導致免疫功能下。”可知，在冬天天氣寒冷時，頭部、頸部、膝蓋、耳朵、鼻子和背部是容易出現舊病復發的部位。",11056,健康,"冬天舊病易復發,身上這八個愛出毛病的部位,一定要護住","冬天的時候天氣寒冷,這個時候由於氣溫比較低,容易引發一些疾病,尤其是一些舊病很容易復發,所以說我們一定要護好身體愛出毛病的一些部位,那麼冬天天氣寒冷的情況下,我們一定要護好身體上哪幾個愛出毛病的部位呢,趕緊去看看吧,這樣可以讓我們在冬天減少多種疾病的發生。 頭 頭爲一身之主宰,諸陽所會,百脈相通,一旦受到寒邪侵襲,易引發感冒、鼻炎、頭痛、牙痛、三叉神經痛等。頭部還是最不善於留住熱量的部位。所以要注意帶上帽子,而且不要輕易摘掉帽子,這樣更容易出問題。 頸部 頸部是*的""要塞"",上承頭顱,下接軀幹,還是咽喉要道,更是心腦血管的必經之路,這使它""身體""格外嬌貴,一旦受寒,頸椎病、咽炎、腦血管病就會接踵而來。冬天最好穿立領裝,尤其是老人,外出一定要戴圍巾,對預防高血壓、心血管病有好處。 膝蓋 膝部受涼可導致關節局部肌肉和血管收縮,引起關節疼痛。保護膝關節的關鍵是保暖防寒,戴上護膝,或選擇膝部加厚的毛褲,注意運動不要過量。 耳朵 耳朵體積小,接觸空氣的面積大,熱量很容易散發。外加耳朵皮膚薄,耳廓缺少皮下脂肪的保護,極易長凍瘡。從室外進入溫暖的室內,可以迅速用手搓一下耳朵,讓其快速回暖。堅持每天早、中、晚按摩揉搓耳廓,每次約5~10分鐘。 鼻子 鼻子也經常裸露在外,如果鼻黏膜接觸冷空氣,黏液分泌會減少,毛細血管會變脆,鼻子的""屏風""作用就變差,從而導致病菌進入肺內,增加呼吸道感染的幾率。外出時戴個純棉口罩,但最好不要用圍巾遮擋,以防上面的細菌或織物纖維進入鼻腔。天冷時,可每天按摩鼻翼,兩手拇指外側相互搓熱後,沿鼻樑、鼻翼上下按摩30下。 背部 背爲陽中之陽,忽視背部保暖,易受風寒之邪入侵,耗傷*陽氣,導致免疫功能下。冬天最好加穿一件棉背心或毛背心,天氣好的時候,別忘了給後背曬個""日光浴"",熱流會讓全身舒服。 上面文章給大家介紹了身上的8個部位,這8個部位在冬天的時候一定要做好保護的工作,否則的話冬天很容易出現舊病復發的現象,冬天的時候天氣寒冷,很容易出現傷風感冒等多種疾病,這個時候我們一定要做好身體一些重要部位的保護工作,尤其要做好保暖的工作。"
蠶豆炒雞蛋和蒜薹炒雞蛋這兩道菜有什麼營養價值？,"根據原文“蠶豆炒雞蛋,蠶豆和雞蛋食材簡單易得,做法也極其簡單,蠶豆的脆嫩和雞蛋的香滑,一道普通的家常菜,做出來也是翠綠柳黃,格外好看呢,而且也很適合減肥的人食用,格外受到大家的歡迎。 蒜薹炒雞蛋:蒜薹,其中含有較多的粗纖維物質,經常攝入可以不錯的補充膳食纖維；膳食纖維的攝入可以幫助促進腸道代謝,從而就可以不錯的促進腸道健康,預防便祕和結腸癌的發生。搭配雞蛋一起喫,營養很豐富。”可知，蠶豆炒雞蛋適合減肥的人食用並且受到歡迎，而蒜薹炒雞蛋含有豐富的膳食纖維，有助於促進腸道健康，預防便祕和結腸癌的發生。",42170,健康,"幾道香氣撲鼻的佳餚,好喫又下飯,讓你喜歡到無法拒絕!","蠶豆炒雞蛋,蠶豆和雞蛋食材簡單易得,做法也極其簡單,蠶豆的脆嫩和雞蛋的香滑,一道普通的家常菜,做出來也是翠綠柳黃,格外好看呢,而且也很適合減肥的人食用,格外受到大家的歡迎。 蒜薹炒雞蛋:蒜薹,其中含有較多的粗纖維物質,經常攝入可以不錯的補充膳食纖維；膳食纖維的攝入可以幫助促進腸道代謝,從而就可以不錯的促進腸道健康,預防便祕和結腸癌的發生。搭配雞蛋一起喫,營養很豐富。 乾鍋西蘭花:西蘭花有增強機體免疫功能,菜花的維生素c含量極高,不但有利於人的生長發育,更重要的是能提高人體免疫功能,促進肝臟解毒,增強人的體質,增加抗病能力！當然它最顯著的就是具有防癌抗癌的功效！ 熗炒圓白菜:圓白菜的水分含量高(約90%),而熱量低,可是大多數捲心菜絲色拉中的熱量比單純的捲心菜高5倍,因色拉中常含有富於油脂的調料,想通過控制飲食來減肥的人最好用低熱量的調料做色拉。 西洋菜肉丸湯:豆瓣菜,別名西洋菜,豆瓣菜的營養物質比較全面,其中超氧化物岐化酶的含量很高,還含有豐富的維生素及礦物質。具有清燥潤肺、化痰止咳、利尿等功效。由於冬菜本身有鹹味,所以肉丸調味時鹽和生抽的少放！ 紅棗土雞湯:煲一鍋雞湯補補氣。雞湯里加入了黃芪和沙蔘、紅棗、桂圓等食材。 黃芪以補虛爲主,常用於體衰日久、言語低弱、脈細無力者。黃芪具而補而不膩的特點。沙蔘具有滋陰生津的特色。"
外陰白化病患者可以選擇哪些方法來治療外陰白化病？,"根據原文“外陰白化病的治療方法: 1、外陰白化病患者可以選擇藥物的方法來治療外陰白斑,患者在用婦科洗液來清洗外陰後,再用激素藥物局部塗抹緩解外陰白化病的一些症狀。 2、大家可以選擇用物理方法治療由於外陰白化病而導致出現的外陰白斑,物理治療有微波治療,二氧化碳激光及氦氖激光,波姆光,高頻電刀,局部電灼治療以及液氮局部冷凍治療等。”可知，外陰白化病患者可以選擇藥物治療或物理治療方法來治療外陰白化病。",82027,健康,醫院怎樣治療成人外陰白化病,"醫院怎樣治療成人外陰白化病？我想這是成人外陰白化病患者比較關心的問題了,一般來說對於外陰白化病的治療,多是通過藥物或是手術等方法來進行治療的,從而幫助大家緩解外陰白化病的情況,那麼具體的治療方法,下面讓我們一起去了解一下吧。 外陰白化病爲先天性色素缺乏、毛囊黑素合成障礙的遺傳性疾病,外陰白化病是以全身皮膚、毛髮色素的減少或缺乏爲表現,也可能僅在外陰局部發病,外陰白斑指出現在婦女陰部皮膚的侷限性或瀰漫性白色斑塊。對於醫院治療成人外陰白化病的方法,大家可以通過以下介紹瞭解。 外陰白化病的治療方法: 1、外陰白化病患者可以選擇藥物的方法來治療外陰白斑,患者在用婦科洗液來清洗外陰後,再用激素藥物局部塗抹緩解外陰白化病的一些症狀。 2、大家可以選擇用物理方法治療由於外陰白化病而導致出現的外陰白斑,物理治療有微波治療,二氧化碳激光及氦氖激光,波姆光,高頻電刀,局部電灼治療以及液氮局部冷凍治療等。 3、外陰白化病患者也可以選擇用手術治療,單純外陰切除術、合併植皮的外陰切除術。 4、外陰白化病患者治療外陰白化病可以選擇用微創治療,微創治療是採用超聲聚焦系統微創治療,無副作用、無創傷改變了傳統的手術損傷大、痛苦大、出血多、恢復慢的缺陷。 醫院怎樣治療成人外陰白化病？相信大家通過以上的介紹,對於醫院治療成人外陰白化病的方法有所瞭解了,以上這些治療方法,大家可以參考瞭解,對於外陰白化病患者來說,主要還是要以醫院的診治方法爲主,來更有效的治療成人外陰白化病。"
健康的成年人每天喫多少枸杞爲宜？,"根據原文“一般健康的成年人每天喫20克左右(也就是25~30顆)的枸杞爲宜,但也要分次喫,每次約5顆枸杞左右”。",66411,健康,"喫枸杞別超過這個量,否則後果嚴重!","永遠熬不完的夜, 永遠加不完的班, 永遠... 現代人的生活方式發生了巨大的改變, 熬夜已經成爲一種日常習慣。 有網友調侃說: 男人到了這個歲數 喝啤酒都想放兩粒枸杞 這麼看來 枸杞這種歷史悠久的食材 養生保健的效果簡直深入人心 甚至成了中年男人的養生標配 那麼↓↓↓ 怎樣喫枸杞最好？ 很多人喜歡用開水沖泡枸杞子喝,但受水溫、浸泡時間等影響,枸杞中往往只有部分藥用成分能釋放到水中,有的在加熱後甚至會變性導致藥效降低。 所以,最佳喫法是把幹枸杞稍用溫水微泡一下,或在菜、粥做好後撒上一把,這樣才能將營養素的損失減到最低。 嫌麻煩的話,還有一種更簡便的喫法-幹嚼。沒錯！就是把枸杞洗乾淨,直接放嘴裏嚼。 或者試試以下花樣喫法。 將枸杞放在沙拉、酸奶、麥片裏,混合後食用。 在烤制鬆餅、餅乾、燕麥麩皮煎餅時添加枸杞。 用枸杞泡酒。每一斤白酒泡200克枸杞,每次飲用10毫升,每天1~2次,有補虛益精、祛寒壯陽之功。 每天喫20克枸杞爲宜 枸杞可以補益肝腎、調節陰陽,因而它有助陽的功效,每天進食枸杞的量過大,會讓人體發熱,容易出現上火、流鼻血,甚至造成眼睛紅腫不舒服等症狀。 因此,掌握枸杞的服用劑量是非常重要的,一般健康的成年人每天喫20克左右(也就是25~30顆)的枸杞爲宜,但也要分次喫,每次約5顆枸杞左右。即便用於泡水或煲湯,也不宜一次性全部喫掉。 此外,枸杞也並不適合於所有人,因其溫熱身體的功效強,感冒發燒的人別喫。 其滋補肝腎的作用大,脾胃薄弱及腹瀉的人要少喫。還要特別注意幾類人羣,如有肺結核、虛勞的病人,有溼寒、寒痰的病人均不可服用。 今日打假 枸杞幹,大家都見過 那麼,長在樹上的鮮枸杞你見過沒？ 以下四幅圖,哪個是假枸杞？"
患咽喉炎的人可能會出現哪些症狀？,"根據原文“咽炎時,除咽痛外,還可出現發熱、怕冷、頭痛、周身痠痛、食慾差,大便幹、口乾渴等全身中毒反應。有細菌感染時,血液白細胞數升高。如果咽痛劇烈,影響吞嚥,還會造成體內營養、代謝失調。如果治療不及時,或反覆發作,可轉爲慢性。”，患咽喉炎的人可能出現咽痛、發熱、怕冷、頭痛、周身痠痛、食慾差、口乾渴等全身中毒反應，也有可能造成體內營養、代謝失調。",83629,健康,"咳不出,咽不下,早晨洗漱感覺到噁心乾嘔,咽炎怎麼辦","咽喉炎該怎麼治？很多人都患有輕微程度的咽喉炎,這些患者在刷牙時常會出現噁心、乾嘔的情況。咽喉炎的治療方法有哪些呢？今天就來聽我們咽喉炎的最佳治療方法吧。 1.喉嚨乾燥感 根據各人的感覺不同,有的感到很乾燥,但多數人只感到輕微的乾燥。此種情況與咽部的植物神經功能失調(充感神經偏亢)有關。 2.喉嚨疼痛感 在多數情況下,急性發作時疼痛較明顯,不是急性發作時疼痛較輕微。有些人偏於一側咽喉痛,有些人偏於某一個部位痛,也有些人只說感到咽喉痛,並不能指出具體部位。但是,醫生對偏於某一個固定部位疼痛的患者,往往會檢查得更爲全面而仔細,以排除其他疾病。 3.喉嚨癢 咽喉癢的感覺也屬於""咽喉異物感""的一種,很象""螞蟻爬""的感覺,容易引起咳嗽。咳嗽是*的一種自我保護性的本能動作,就是要將肺、氣管、咽喉裏引起不舒服的東西咳出來；正因爲如此,咳嗽也就成了肺臟或氣管或咽喉有病的症狀。 咽炎的危害 咽炎時,除咽痛外,還可出現發熱、怕冷、頭痛、周身痠痛、食慾差,大便幹、口乾渴等全身中毒反應。有細菌感染時,血液白細胞數升高。如果咽痛劇烈,影響吞嚥,還會造成體內營養、代謝失調。如果治療不及時,或反覆發作,可轉爲慢性。 若感染向上蔓延,波及耳、鼻,可導致急性鼻炎、鼻竇炎,急性中耳炎。 向下發展,可侵犯喉、氣管等下呼吸道,引起急性喉炎、氣管炎、支氣管炎及肺炎；若致病菌及毒素侵入血液循環,則可引起全身併發症,如急性腎炎、膿毒血癥、風溼病等,對身體危害極大。 咽炎導致咽部抵抗力下降,遇氣候冷、熱、幹、溼變化時,粘膜的加溫、加溼調節作用減弱,纖毛活動和分解吞噬功能不足,細菌和病毒容易在局部停留繁殖,成爲慢性感染病竈。因此,這些病人很容易感冒,引起咽炎急性發作。咽部的感染炎症波及其它系統,可以併發慢性喉炎、慢性氣管及支氣管炎、腎炎、心臟病等；長期炎性分泌物被咽入胃中,可引起消化不良、食管炎、胃炎、腸炎；毒素吸收可造成頭暈、頭痛、疲乏、精力減退、消瘦、低熱等全身反應。 患了咽炎的人經常感到咽部不適,稍一受涼、勞累,或講話多、較長時間沒喝水,便覺咽痛、灼熱加重,咽癢引起陣陣刺激性咳嗽,影響休息。若是乾燥或萎縮性咽炎,則咽乾明顯,講話和嚥唾液也感費勁,需頻頻飲水溼潤,甚至夜間也需要起牀喝幾次水,但也只能暫時緩解症狀,很快就又感到咽乾；有的人喫飯時需用湯水才能將乾硬的食物嚥下去。 有些病人表現爲咽部異物感,常作吭喀和吞嚥動作,希望能將異物排除,而這些無效的清嗓動作只能加重原有的不適。於是病人懷疑自己咽部、喉嚨或食管里長了腫瘤,造成很重的精神負擔和壓抑感。還有的人由於咽部粘膜增厚,影響呼吸的通暢因而睡眠打鼾。炎性分泌物及細菌停留,可發生口臭,不僅影響別人,患者自己也十分苦惱。 治療本質 1.消炎,殺死病菌細菌 2.排出炎症引起的過多分泌物,避免重複滋生新的病菌細菌 3 扶起脫落倒伏的*纖毛,加大*纖毛擺動力度,加強對病菌細菌入侵的防禦。"
男性每天應該喝多少酸奶？,"根據原文“每天喝多少酸奶合適？專家表示,一般來說,早晚各一杯酸奶或者早上一杯牛奶、晚上一杯酸奶較爲理想。”可知，專家建議男性每天可以喝一杯牛奶和一杯酸奶，或者早晚各喝一杯酸奶。",66017,健康,喝酸奶有助男性預防結直腸癌?,"據新華社電 近日刊發在英國胃腸病學會官方期刊《g t》的一項研究稱,每週喫兩份或以上酸奶,可有助男性預防結直腸癌。喝酸奶是否能預防結直腸癌？記者採訪了有關專家。 北京大學人民醫院胃腸外科副主任醫師沈凱表示,已有相關研究證實了酸奶對健康的幫助。 沈凱介紹,2019年發表在美國《國際癌症雜誌》上的研究顯示,食用酸奶與總體患癌風險降低的相關性達19%。此外,2018年發表在頂級醫學期刊《柳葉刀》上的一項研究也指出,與不食用乳製品的人相比,每天只喝一份牛奶或是酸奶,死亡風險分別會下降10%和14%。 據悉,此次發表在《g t》上的研究隨訪約9萬人,其中名男性,名女性,隨訪時間長達26年。隨訪者每4年向研究人員提供關於生活方式與飲食的詳細信息,包括酸奶的食用情況,且所有研究參與者都進行了腸道內窺鏡檢查。 研究結果顯示,與不喫任何酸奶的男性相比,每週喫兩次或更多次酸奶的男性患結直腸腺瘤的可能性降低了19%。此外,將酸奶作爲其飲食習慣的男性,患高惡變潛能結直腸腺瘤的可能性更低,與不喫酸奶的男性相比降低了26%。 每天喝多少酸奶合適？專家表示,一般來說,早晚各一杯酸奶或者早上一杯牛奶、晚上一杯酸奶較爲理想。"
拉筋有哪些好處？,"根據原文“堅持拉筋有哪些好處？中醫認爲在腿部有6條經絡分佈,主要是對應着胃經膀胱經,脾經膽經、肝經及腎經,拉筋能把以上這些部位的不良物質以及代謝產物排除體外,讓經絡變得更加通暢,從而達到了延年益壽以及保健養生的功效。”拉筋的好處包括排除不良物質和代謝產物、增加身體柔韌性、鍛鍊血管功能、消耗多餘的糖分和脂肪。",91016,健康,"堅持拉筋有什麼用?這些好處,讓人""偷笑""","俗話說筋長一寸,壽延十年,這就說明了拉筋有益於身心健康。但是拉筋的活動量比較大,必須要掌握一定的方法以及技巧,不然引起肌肉拉傷,尤其是對於患有慢性疾病的人羣來說更應該瞭解相關的常識。下邊給朋友們介紹一下堅持拉筋的好處以及應該注意的事項。 堅持拉筋有哪些好處？ 中醫認爲在腿部有6條經絡分佈,主要是對應着胃經膀胱經,脾經膽經、肝經及腎經,拉筋能把以上這些部位的不良物質以及代謝產物排除體外,讓經絡變得更加通暢,從而達到了延年益壽以及保健養生的功效。一般骨頭和筋連在一起,在拉筋的過程中能夠有效的保護骨骼,當發生意外情況時可減少對骨頭帶來的傷害,增加了身體的柔韌性。堅持拉筋能夠有效的鍛鍊血管功能,保持血管彈性,防止發生硬化,預防高血壓以及高血脂。拉筋時相當於做了一次劇烈運動,能消耗體內多餘的糖分以及脂肪,幫助穩定血糖,特別適合於糖尿病患者。 拉筋時要注意哪些事項？ 拉筋的方法有很多,可以站立或者躺着拉筋,可以坐在牀面上,彎曲一側的膝蓋靠近胸部,另一隻腳要伸直,身體慢慢的往前傾斜,兩個手要向腳趾頭方向進行伸展,此動作保持15秒。拉筋時需減慢速度,因爲筋並不是一下子拉開的,必須要有緩慢的過程,如果急於求成的話可能會傷害到筋骨,所以要有計劃的進行。 拉筋前要做熱身運動,防止發生意外情況。做熱身運動也能夠促進拉筋的循序漸進過程。因爲拉筋屬於危險的動作,第1次鍛鍊的人羣應該在專業人士的引導下進行,以免受傷。另外不能盲目的跟風,對於骨質疏鬆、高血壓、心臟病以及身體虛弱的人羣來說要嚴格按照醫生的囑咐,不能盲目的跟風,不然會帶來傷害。 拉筋也是有很多人喜歡的一種保健的方式,大家在做這項運動的時候,一定要注意方式方法,把急功近利。只要長時間堅持拉筋就能夠達到一定的保健功效,但要理性的對待。老年人拉筋時要在醫生的指導下進行,以免增加骨骼脆性。"
夏季應如何避免冰箱病？,"根據原文“專家提醒,夏天要儘量喫新鮮食物。冰箱不是保險箱,蔬菜類建議儲藏不超過3天。如果食物已經腐敗,要立即丟棄,以免放入冰箱內污染其它食物。 冰箱要定期清洗消毒,夏季每週1次,其他季節每月至少1次,可用0.5%的漂白粉擦洗,然後擦淨即可。不要把冰箱塞得滿滿當當,留一些空隙保證冷空氣流動。儘量減少開冰箱次數,縮短開門時間。用久了的冰箱最好經常測一下溫度,保證冷藏室在4℃左右,冷凍室在零下18℃左右”可知，夏季應儘量喫新鮮食物，不要將食物儲存超過3天，定期清洗消毒冰箱，避免將冰箱塞得滿滿當當，減少開冰箱次數。",33926,健康,"夏季需防四種""冰箱病""","天氣炎熱,很多市民都喜歡喫冰箱裏的冷藏食物或喝冰鎮飲料消暑。不過要留個神,暑天不僅有空調病,還有冰箱病。特別是對於老人孩子來說,尤其要注意。蕪湖市疾控中心專家提醒,市民要提防四種""冰箱病""。 一是""冰箱頭痛""。剛從冰箱冷凍室取出的食品,如果立即進食,將明顯刺激口腔黏膜,反射性地引起頭部血管痙攣,產生頭暈、頭痛、噁心等一系列症狀。 二是""冰箱肺炎""。冰箱如果平時不經常清洗,冷凍機的排氣口和蒸發器處很容易繁殖真菌,過敏性體質者或兒童吸入這種帶菌的空氣後,很容易出現咳嗽、胸痛、寒戰、發熱、胸悶、氣喘等症狀。 三是""冰箱胃炎""。夏季大量攝入冰箱內的冷藏或冷凍食物,胃腸在受到強烈的低溫刺激後,誘發上腹陣發性絞痛和嘔吐等症狀。 最後是""冰箱腸炎""。有一種細菌名爲耶爾森氏菌,它廣泛存在於豬、狗、貓、牛、羊等動物體內,如果食用儲存於冰箱中的上述食品時未充分加熱,就很容易引起腸炎,導致腹痛、腹瀉、嘔吐等病症發生。 雖然有""冰箱病""的威脅,但冰箱仍然是夏天必不可少的電器。如何在使用冰箱的同時,有效避免冰箱病,這可有講究。專家提醒,夏天要儘量喫新鮮食物。冰箱不是保險箱,蔬菜類建議儲藏不超過3天。如果食物已經腐敗,要立即丟棄,以免放入冰箱內污染其它食物。 冰箱要定期清洗消毒,夏季每週1次,其他季節每月至少1次,可用0.5%的漂白粉擦洗,然後擦淨即可。不要把冰箱塞得滿滿當當,留一些空隙保證冷空氣流動。儘量減少開冰箱次數,縮短開門時間。用久了的冰箱最好經常測一下溫度,保證冷藏室在4℃左右,冷凍室在零下18℃左右。"
肝病患者爲什麼不適宜喫大蒜？,"根據原文“大蒜是比較熱性的食物,而且味道辛辣,具有很強的刺激性,有肝火炎症的人如果喫大蒜,一方面會加重肝火,另一方面還會刺激肝臟,造成一定的損傷。”可知，肝病患者不適宜喫大蒜是因爲大蒜的熱性和辛辣味會加重肝火炎症，並對肝臟造成損傷。",73173,健康,"大蒜不但殺菌還抗癌,可這4種人不但無效,甚至會喪命!","大蒜不但殺菌還抗癌,可這4種人不但無效,甚至會喪命！【頤樂同堂門診部·非營利性醫療機構】大蒜是我們日常生活中必不可少的一種調味食物,近幾年來,""大蒜可防癌抗癌""的呼聲越來越高,大蒜除了具有比較強的殺菌抑菌效果之外,還具有防癌抗癌功效。廣州市中醫醫院腫瘤科的主任醫師張華教授曾在接受家庭醫生在線訪談時,明確指出過,大蒜不僅可殺菌,同時也是有防癌抗癌功效的。大蒜不僅殺菌能力強,還可抑制癌細胞大蒜中有許多巰基化合物,這種物質可以和胺相互爭奪亞硝酸根離子,使得亞硝胺不能進一步合成,從而抑制體內病菌的生成。大蒜素還有一個功能,就是抑制胃內硝酸鹽還原菌的生長,從而減少了亞硝酸鹽在人體內生成,減少亞硝酸鹽中毒的概率。已有不少試驗已證實,大蒜所含的大蒜素、大蒜辣素在抑制癌細胞方面,具有很好的效果。大蒜中還有硒、鍺等微量元素,鍺元素可以促進人體內部干擾素的合成,激活吞噬細胞的機體功能,在防癌方面很很大的作用。大蒜最適宜的四種喫法1、搗碎喫效果最佳:大蒜中含有大量的蒜氨酸等物質,平時它們之間互不干涉,平靜的相處,經過外力的搗碎碾碎之後,這些物質之間就會相互接觸反應形成了大蒜素,大蒜素最大的作用就是抗菌殺菌,所以一般我們提倡把大蒜搗碎之後放置15分鐘左右,這樣便於大蒜素的生存。2、生喫殺菌效果好:大蒜在加熱的時候,內部所含有的抗菌殺菌有機物在加熱過程中會經不住高溫而失去活性,而且溫度越高,其活性下降的越快,因此把大蒜炒熟、煮熟不能起到很好的殺菌效果。最常見的比較好的食用方法就是生喫,例如涼拌或者搭配蒜泥做調料。3、紫皮蒜的抑菌效果更好:大蒜根據表皮顏色可分爲紫皮白皮等,其中比較常見的就是紫皮蒜和白皮蒜,相比較而言,紫皮蒜的味道更佳辛辣,其內部所含的抑菌成分的活性更高,抑菌殺菌的能力要比白皮蒜好一些。4、每天喫蒜要適量:即使大蒜有抗癌作用,但不能喫太多,每天大概2瓣大蒜就足夠了,大量喫大蒜,會對腸胃造成一定的刺激,容易引發腸胃炎,破壞人體內部的消化平衡,長期食用的話還會導致眼睛視力模糊、疼痛等情況的發生。這四類人羣不宜喫大蒜1、眼睛不適或者患有眼部疾病的人羣不適宜喫大蒜:大蒜的味道比較辛辣,而且大蒜素會刺激眼睛部位的神經,容易造成眼睛損傷,這也就是爲什麼我們用沾了大蒜汁的手去擦眼睛,眼睛會被辣的睜不開的原因,所以有眼部疾病的人,切記不要喫過多的大蒜。2、肝病患者不適宜喫大蒜:大蒜是比較熱性的食物,而且味道辛辣,具有很強的刺激性,有肝火炎症的人如果喫大蒜,一方面會加重肝火,另一方面還會刺激肝臟,造成一定的損傷。3、腸胃不適、腹瀉的人不宜喫大蒜:大蒜可以刺激腸胃器官,對於非細菌性的腸胃炎、腹瀉患者來說,喫大蒜會導致大蒜刺激腸胃,使腸胃黏膜充血,促進內部器官的滲出,加重腹瀉和嚴重的情況。4、重病者慎食:大蒜是衆多發物中的一種,食用不當會加重已有的疾病情況,對於患有重病或者正在服用中西藥的人來說,儘量不要喫大蒜,喫大蒜不僅不能幫助治療重病,嚴重時還會使藥物失去藥效,加重病情。 特別聲明:以上文章內容僅代表作者本人觀點,不代表新浪看點觀點或立場。如有關於作品內容、版權或其它問題請於作品發表後的30日內與新浪看點聯繫。"
爲什麼女子醒來後會情緒失控？,"根據原文“女子聽後嚇的渾身直冒汗,頓時情緒失控”可知，女子情緒失控是因爲她得知自己患上了急性早幼粒細胞白血病，這對她來說是個巨大的打擊，她覺得自己完了。",40029,健康,"女子醒來發現身上都是瘀青,醫生檢查後女子瞬時情緒失控!","【導讀】近日,在國外發生了一件奇怪的事情。 女子這天早早的下班了,由於工作實在是太累了,女子回到家之後,整個人就癱在了沙發上不願意動,就好像被定住了一樣。 隨後女子實在是太累了,然後就靠在沙發上睡着了,這一睡就是一整夜,中途都沒有醒來過。 但是女子在睡覺的時候,做了一個非常奇怪的夢,那就是在夢裏,女子發現自己一覺起來全身都是淤青,頓時就把嚇壞了。 可是當女子第二天一早起來後,就真的發現自己身上手臂上,大腿上全部都是淤青,女子頓時就嚇壞了。 明明昨天還是好好的,難道夢真的會成真嗎？女子不敢相信眼前所發生的一切,覺得太不真實,但是事實永遠是打臉的,女子嚇的趕緊去醫院做檢查,生怕自己出了什麼問題。 醫生檢查後,告訴女子這是得了急性早幼粒細胞白血病,是急性髓細胞白血病的一種特殊類型,具有特異的融合基因。 染色體核型改變,臨牀表現兇險,起病急,治療過程中容易發生出血和栓塞而引起死亡。 女子聽後嚇的渾身直冒汗,頓時情緒失控,覺得這根本不可能,因爲自己一直以來身體都是非常的好,怎麼突然就患上怪病了,女子頓時覺得自己完了。 經過醫生的勸導後,女子這才穩定了情緒,醫生告訴女子這種病是可以醫治的,只要全心全力配合醫生的治療就好。女子趕緊點頭答應,只要自己好起來,什麼都不是問題。後來經過醫生的治療,女子逐漸好轉,後面就痊癒出院了。 爲了保證病情不復發,女子一定要保持樂觀積極向上的心態,一定不要太過於操勞了,也不能酗酒熬夜,否則會導致病情復發。"
爲什麼在月經期間女生可以喫桃膠、山楂、黑木耳和菠蘿蜜？,根據原文“因爲能夠加快脂肪燃燒的速度”，在來月經的這段時間，女生是很容易減肥的。因此，月經期間女生可以喫桃膠、山楂、黑木耳和菠蘿蜜來幫助身體排出污血，緩解經期的不適，加速身體代謝，促進脂肪燃燒，從而減輕體重。,110992,健康,"女生月經期間,4種食物早晚多喫點,助你排出污血,體重降到2位數","大家可能都知道,來月經期時只有女生纔有的一種生理現象,而且在月經期間可能女生體內的雌激素波動的會比較大。大家不要以爲雌激素波動太大那就是壞處,其實它能帶來好處,因爲能夠加快脂肪燃燒的速度。所以說在來月經的這段時間,女生是很容易減肥的。 1.桃膠 桃膠是一種很好的美容保養的食材,平時多喫,能幫助女人修復受損肌膚,使皮膚變得水潤細膩。而在月經期間多喫的話,還能幫助女人緩解一些經期的不適,更好地排出毒素和污血。身體的代謝功能變強了,體重也會下降。 2.山楂 衆所周知,食用山楂有開胃助消化的作用,其實除此之外,喫山楂還能活血化瘀、溫補氣血。在經期的時候喫山楂,可以疏通血管,讓血液流通更加的順暢。所以,女生在月經期間可以喫一些山楂,或助你排出污血,體重降到2位數。 3.黑木耳 黑木耳樣子雖然不怎麼樣,但是它的營養成分比較豐富,養生作用也比較多。黑木耳裏面含有膠質,有益於吸附出身體裏面的一些垃圾毒素,並及時排出體外。同時,它裏面所含的卵磷脂能夠帶動體內脂肪運動,促進脂肪的消耗。 4.菠蘿蜜 菠蘿蜜是熱帶水果,也是世界上最重的水果,它含有的糖類、蛋白質、脂肪油、礦物質和維生素對維持機體的正常生理機能有一定作用,還可以起到分解蛋白質的作用。 所以說,女生月經期間,4種食物早晚儘量多喫點,或助你排出污血,體重降到2位數！"
養雞對工作人員的危害有哪些？,"根據原文“雞場從業人員,直接接觸雞,雞將帶給你什麼樣的傷害？”，養雞場工作人員容易誘發心臟疾病、影響生育能力、對呼吸系統有影響、易患寄生蟲病、有疫苗和細菌病毒的危害。",76757,健康,"如果想養雞,卻沒開始養雞,我告訴養雞對工作人員的危害。","養雞本來就是一個又煩。又累。又傷腦筋的活。誰也不想養雞,但爲了生活,爲了日子過得更好。爲了兒女,希望讓他們活的更瀟灑。又有多少人選擇了養雞... 可你是否知道？雞場從業人員,直接接觸雞,雞將帶給你什麼樣的傷害？ 【一】容易誘發養殖人員的心臟疾病。 (大型雞場)雞場爲了節約用工成本,夜間值班人員不足,每天平均下來有6個小時的休息時間。就已經很了不起了,這樣就極容易出現血壓值高,誘發心臟疾病。這就是養雞場人員要比同齡人顯老的原因。 【二】養殖人員特容易引起人的生育能力和誘發癌變。 雞場從業人員接觸的消毒藥系化學藥品,特別是甲醛和戊二醛等高度致癌物質,會給養殖人員的生育能力和誘發癌變,長期在孵化場工作的一線員工,在結婚後產下不正常孩子的概率是相當高的。尤其是甲醛用的比較多的,更不可以。 【三】養殖人員對呼吸系統的影響: 帯雞消毒的消毒藥、甲醛燻蒸、雞舍氨氣濃度過高時,對人體呼吸道粘膜的刺激及影響是極大的。甚至會影響養殖人員味神經,再加上雞舍內的細小絨毛等懸浮物。都會引起呼吸道及肺部疾病發生。 【四】養殖人員患寄生蟲病的機會非常大 雞的寄生蟲比較多,所以雞場人員患寄生蟲病的機會比較大,因爲在治療雞病中,當你買不到藥的時候,您可以用人藥治療疾病。同樣能得到很好的效果。 【五】養殖人員和疫苗 雞場用的活疫苗和滅活疫苗,在養殖場處理不當時,弱毒疫苗或中等毒性的疫苗會無限期繁殖,產生致病性強毒株,這時危害依然是養殖人員。 【六】養殖人員和細菌病毒(重點) 雞場內的細菌含量是很龐大的,而且種類很多,每感染一次細菌病,它本身就成了細菌的發酵工廠,特別是有些雞場,在沒有獸藥時,堅持使用人用藥,甚至出現超級細菌,這都不是養殖人員所能承受的。 養殖不是什麼好做的事。幾乎每時每刻它的危害着養殖人員的生命。假如,你過的好。或許你過得去。不要再選擇的養殖。關注林下散養土雞園。"
父母如何發現孩子是否患有分泌性中耳炎？,"根據原文“小朋友可能會主動跟家長訴說耳痛及聽力下降的感受,但是大多數小朋友並不能完全敘述清楚,我們只能通過下面一些表現去觀察瞭解。”父母可以通過觀察孩子是否出現“耳朵悶悶的、感覺耳朵裏像塞了一團棉花、耳朵嗡嗡作響”等症狀，以及孩子在說話時是否“裝聾作啞”、“不理不睬”等行爲來判斷孩子是否患有分泌性中耳炎。",32854,健康,"孩子學習成績直線下降,竟是一個感冒引發的!","糖糖是一名小學四年級的學生。以前的糖糖乖巧懂事,讀書從來不用家長操心,學習成績一直很好。可是,上個學期期末考試糖糖的成績卻是一落千丈。這讓糖糖的父母百思不得其解。與班主任老師聯繫後,老師的一句話讓他們坐立不安:""這個學期糖糖在課堂上經常有注意力不集中的情況,回答問題也不積極,不知道是沒有聽懂還是聽不到。""聽不到？糖糖父母越想越急:糖糖平時看電視時喜歡將電視機聲音調得很大。搞不好還真是糖糖聽力有問題。於是,父母帶着糖糖來到株洲市中心醫院耳鼻咽喉頭頸外科,經過檢查後,糖糖父母驚呆了,他患上了分泌性中耳炎,而且病情還很嚴重。聽力檢查提示雙耳中度傳導性耳聾,電子耳鏡檢查發現雙耳鼓室積液,x片及電子鼻咽鏡檢查可見腺樣體肥大,堵塞了後鼻孔45以上。據糖糖父母回憶,糖糖一直有睡覺打鼾的表現,去年糖糖曾有一次患過重感冒,期間還有耳朵疼痛,晚上睡不安穩,可是第二天耳痛就緩解了,全家人也就沒有再放在心上了,從那個時候開始可能聽力就下降了。這次就診,醫生爲糖糖進行了藥物治療,但聽力並沒有得到改善,在住院行腺樣體等離子消融切除及雙耳鼓膜切開置管手術後,糖糖的聽力纔算恢復了正常,睡眠也明顯改善了。何爲分泌性中耳炎？分泌性中耳炎是以中耳積液及聽力下降爲特徵的中耳非化膿性炎性疾病,爲耳鼻喉常見疾病之一。兒童多見。在上呼吸道感染後以耳悶脹感和聽力減退爲主要症狀。由於耳痛不明顯,兒童主訴不清,在小兒聽力受到影響時家長才發現就診,常常延誤診斷和治療。分泌性中耳炎可造成兒童的聽力損失,影響語言發育。中耳炎喜歡欺負小朋友美國的統計數據顯示,近一半的不滿一歲孩子都得過不同程度的中耳炎。這是因爲小朋友的鼻咽腔狹小,咽部扁桃體淋巴組織發達,咽鼓管又短又平,加之腺樣體肥大堵塞後鼻孔及咽鼓管咽口,一旦感冒引起鼻腔黏膜水腫,極易堵塞咽鼓管,造成鼓室負壓,繼而引起分泌性中耳炎。再而,家長們往往喜歡用兩手指捏住孩子兩側的鼻翼,讓孩子用力將鼻涕擤出,這種錯誤的擤鼻方法反而加重了患病風險。這樣做可能鼻咽壓力加大,迫使含有大量病毒、細菌的鼻涕進入中耳內。如何早期發現兒童聽力下降大一點的小朋友可能會主動跟家長訴說耳痛及聽力下降的感受,但是大多數小朋友並不能完全敘述清楚,我們只能通過下面一些表現去觀察瞭解。孩子可能會訴說""耳朵悶悶的、感覺耳朵裏像塞了一團棉花、耳朵嗡嗡作響""等。稍小的小朋友和父母說話時""裝聾作啞""、""不理不睬""或者反應越來越遲鈍。看電視時,聲音總是調得很響。或者總愛往電視機前湊？有的小朋友上課注意力不集中,不願和小朋友玩,學習成績也有下降。更小的小朋友還會出現夜間哭鬧,睡得不踏實,常常夜間醒來哭鬧,撓耳朵、睡覺用頭蹭枕頭等。如何預防分泌性中耳炎？首先是加強鍛鍊,增強體質,減少罹患感染性疾病的機會。特別是預防感冒。由於兒童抵抗力較差,較容易染上感冒。在小朋友感冒期間,如果鼻塞、流鼻涕等鼻部症狀比較嚴重,可以適當使用鼻減充血劑,以減少鼻黏膜充血和鼻甲肥大的發生,從而避免咽鼓管受壓迫。除此之外,兒童感冒時常會有流鼻涕的現象出現,家長應使用正確的方法爲小朋友擤鼻涕,以起到預防中耳炎的目的。正確擤鼻的方法是:用手指按住一側鼻孔,稍用力向外擤出對側鼻孔的鼻涕,用同樣方法再擤另一側。其次是患有嚴重感冒、鼻竇炎、腺樣體肥大等疾病的小朋友,儘量避免乘坐飛機或潛水。因爲在飛機起飛降落時,由於氣壓的變化,容易導致航空性中耳炎。洗澡或游泳時也要防止嗆水,潛水也是同樣的道理。最後是當懷疑小朋友聽力下降時一定要到專業的醫療機構行聽力檢測及聲導抗檢查以及相關的進一步檢查。及時就醫解除導致咽鼓管功能不良的病因。 特別聲明:以上文章內容僅代表作者本人觀點,不代表新浪看點觀點或立場。如有關於作品內容、版權或其它問題請於作品發表後的30日內與新浪看點聯繫。"
薄荷盆栽可以起到哪些作用？,"根據原文“家中養盆薄荷盆栽,夏季驅蚊效果好,泡水喝還可以降溫,清爽敗火。第一點是""降溫""。如果你的身體感覺又熱又幹,或者當你下班回來的時候,不要喝太多的水。”“二是具有""抗炎""作用。事實上,我們今天使用的許多牙膏都或多或少含有薄荷。”“第三點是它有健胃的作用。”可知，薄荷盆栽可以驅蚊、降溫、抗炎、健胃等作用。",76290,健康,"家中養盆薄荷盆栽,夏季驅蚊效果好,泡水喝還可以降溫,清爽敗火","家中養盆薄荷盆栽,夏季驅蚊效果好,泡水喝還可以降溫,清爽敗火。第一點是""降溫""。如果你的身體感覺又熱又幹,或者當你下班回來的時候,不要喝太多的水。這時,拿幾片薄荷葉子放進嘴裏,包括咀嚼和吞嚥之前的幾分鐘。在薄荷醇的作用下,可以促進毛細血管的擴張,起到冷卻和冷卻的作用。效果很好。二是具有""抗炎""作用。事實上,我們今天使用的許多牙膏都或多或少含有薄荷。這是因爲薄荷含有一種鹼性物質,具有殺菌消炎的作用。飲用新鮮薄荷水可以有效預防口腔炎症、咽喉炎等疾病,效果也很好。第三點是它有健胃的作用。每年夏天,難免會有食慾不振的感覺,薄荷也可以作爲調味品來烹調美味的食物。適量的薄荷葉,有健胃、促進胃腸消化的作用。另一方面,它還具有預防胃潰瘍、胃腸炎等功能,因此其價值較高。"
一名女士眼皮上長了麥粒腫，自行擠壓導致眼皮腫成雞蛋大小，應該如何處理這種情況？,"根據原文“眼科主治醫師常春麗爲其檢查後發現,白女士患的是瞼板腺炎,又叫麥粒腫, 中醫稱爲針眼。”可知，患者患的是瞼板腺炎，又稱麥粒腫，不應該自行擠壓。當膿腫已形成並出現膿點時，應到醫院切開排膿，兩三天即可痊癒。預防麥粒腫要從注意眼部衛生開始，日常生活中保持眼部清潔，不用髒手揉眼，不用髒東西擦眼。",25035,健康,小小麥粒腫一週長成雞蛋大,"武漢晚報訊(記者武葉 通訊員薄雲娜)眼皮上長了麥粒腫,女士自行擠壓""排毒"",沒想到越擠""針眼""越大,一週後眼皮腫成""小雞蛋""。 月初,52歲的白女士發現右眼皮上長了個小紅皰,""以前眼睛上就長過這種針眼,把膿擠出來就好了"",根據以往的經驗,她擠了擠小紅皰,沒想這次不僅沒好,眼皮還腫了起來。12月17日,白女士眼皮腫到雞蛋大,只得前往武漢市中醫醫院眼科求助。 眼科主治醫師常春麗爲其檢查後發現,白女士患的是瞼板腺炎,又叫麥粒腫, 中醫稱爲針眼。""麥粒腫切忌擠壓或用未消毒的針挑,因爲眼瞼血管豐富,炎症很容易擴散。由於外力過分擠壓,白女士眼皮紅腫嚴重,目前已經發展成眶蜂窩織炎。幸好就醫尚屬及時,否則炎症通過篩板進入顱內形成腦膜炎,嚴重時甚至可危及性命。 常春麗表示,麥粒腫是常見的眼瞼化膿性炎症,常見於兒童、青壯年患者。該病雖小但風險較大,切不可自行擠破膿頭,更不能盲信土方法用穀粒等刺破。當膿腫已形成並出現膿點時,應到醫院切開排膿,兩三天即可痊癒。 常春麗介紹,預防麥粒腫要從注意眼部衛生開始,日常生活中保持眼部清潔,不用髒手揉眼,不用髒東西擦眼。另外,還要注意休息和生活規律,保持充足睡眠,少喫刺激肥膩食品。"
眼皮跳的原因是什麼？,根據原文“可能是精神壓力太大、眼睛太累或者睡得少了”，可知眼皮跳的原因可能是精神壓力過大、眼睛疲勞或睡眠不足。,78838,健康,"左眼跳財,右眼跳災?眼皮跳到底說明什麼?","2019.5.6 農曆四月初二是正常現象眼皮跳是正常現象,可能是精神壓力太大、眼睛太累或者睡得少了,沒有特別的寓意,也不是疾病的徵兆,不用擔心。如果眼皮一直跳個不停,建議去醫院做檢查。養生日曆每天一個健康小建議眼皮跳是正常現象 特別聲明:以上文章內容僅代表作者本人觀點,不代表新浪網觀點或立場。如有關於作品內容、版權或其它問題請於作品發表後的30日內與新浪網聯繫。"
小程出現的症狀是什麼？,"根據原文“經常出汗,稍微動一下就大汗淋漓,輾轉多家三甲醫院及中醫館就診,各項檢查都正常。”可知，小程出現了經常出汗、稍微動一下就大汗淋漓的症狀。",74138,健康,"年輕小夥,汗多又焦慮 問題出在這裏!","醫案24歲程先生出汗多小程剛大學畢業,之前有段時間準備考研,經常熬夜,白天困了就喝冰咖啡提提神。但是1年前開始經常出汗,稍微動一下就大汗淋漓,輾轉多家三甲醫院及中醫館就診,各項檢查都正常。有醫生認爲是神經官能症,喫了不少西藥、中藥,不見緩解,人總是感覺疲倦不堪,眼皮墜脹感,睡眠差,容易焦慮緊張,一緊張出汗更多,還伴尿頻尿急。後通過朋友瞭解到德叔治雜病有招,於是來找德叔求治。德叔解謎肝脾受損,腎氣不固所致小程這類年輕小夥,往往仗着年輕體壯,不重視飲食、起居,認爲健康養生爲老年人專屬,其實不然。現在很多疾病或亞健康越來越年輕化。小程之前經常熬夜看書,肝血耗損,加上喜飲冰凍飲品或清熱解毒類湯品及涼茶,脾胃易受損。日久腎氣不固,氣虛失於固攝,所以出現多汗、尿頻；脾陽不足,不能溫煦則怕冷、大便爛；精血暗耗,滋養不了眼睛,因此眼澀眼脹。治療不能盲目使用斂汗的藥物,而應分清虛實,注意調和陰陽,養肝健脾固腎。小程間斷在門診調治2月餘,汗多、易緊張等症狀基本緩解,整個人的體質有明顯改善。預防保健 勤練八段錦,從點滴做起！要想小程遠離上述症狀,就要糾正日常不良作息及飲食習慣。平時按揉合谷、復溜等穴位,具有固表止汗功效,每個穴位按揉約100次分鐘,連續按揉5分鐘,以酸脹感爲度,每天按揉1-2次。同時合理把握運動時間,選擇適合自己的運動。如果運動時出汗多,要及時飲用補氣之品,如黃芪、太子參等爲藥膳首選,補充隨着汗液耗掉的氣。如果必須要熬夜,熬夜完適當喫一些補肝腎之品,如六味地黃丸等。平時可以練八段錦,如雙手託天理三焦、兩手攀足固腎腰等動作。(一)雙手託天理三焦兩手外旋在腹部交叉,然後上提至胸前,翻掌(掌心向上)；再上提至頭頂上,手臂伸直,手掌託天,兩眼向上看；然後兩手分開如抱球狀後再慢慢下放,反覆做10次。(二)兩手攀足固腎腰上身緩緩向前深屈,兩膝保持挺直；同時兩臂垂下,兩手觸摸足趾或攀住足踝(如做不到,可以改爲手尖觸兩足,腰盡力下彎),頭略抬起,復原；兩手放在背後,以手背抵住腰骶部,上體緩緩向後仰,反覆做10次。德叔養生藥膳房靈芝乳鴿燉瘦肉材料:瘦肉150克,乳鴿1只,芡實30克,靈芝10克,生薑2-3片,精鹽適量。功效:滋陰補腎,益氣固表。烹製方法:諸物洗淨,芡實稍浸泡,瘦肉切片,生薑切成絲備用；乳鴿宰洗淨,去內臟切塊,汆水；所有材料放進燉盅,加入冷開水1500毫升(約7碗量),加蓋隔水燉2小時,放入精鹽調味。此爲1-2人量。(記者 陳映平 通訊員 沈中)廣東省中醫院副院長、教授張忠德來源:羊城晚報(每晚22:00,#生命健康#與您有約,不見不散。分享,是一份愛心,也是一份關愛) 特別聲明:以上文章內容僅代表作者本人觀點,不代表新浪網觀點或立場。如有關於作品內容、版權或其它問題請於作品發表後的30日內與新浪網聯繫。"
得了十二指腸潰瘍的人應該避免哪些食物？,"根據原文“避開這7個飲食的境界,肚子纔不會腳痛”，得了十二指腸潰瘍的人應該避免喫一些冰冷的食物、口味重的食物、牛奶、含有更多嘌呤的食物、暴飲暴食、過於油膩的食物以及多飲酒。此外，飲食宜以清淡爲主，多喫易消化的食物和蔬菜，少量的姜和胡椒粉能溫暖胃，並增強胃粘膜的保護。",103553,健康,"得了十二指腸潰瘍怎麼辦?避開這7個飲食禁忌,肚子纔不會絞痛!","十二指腸潰瘍給我們的身體帶來的危害也是比較多的,有很多的人們都會得到職業指導,貴陽給我們的身體帶來非常多的困擾,那麼對於得了十二指潰瘍的現象來說,我們應該怎麼辦呢？避開這7個飲食的境界,肚子纔不會腳痛,那麼到底是哪7個飲食的禁忌呢？ 第一、避免喫一些冰冷的食物 在飲食方面,避免喫冷凍和過熱的飲食,食物的溫度以適中爲好,避免喫冷凍的食物和飲料,不過,茶水和湯也不要過熱。 第二、避免喫口味重的食物 避免喫太多味精、辛辣和過鹹的食物。飲食宜以清淡的爲主,重口味只會刺激胃酸分泌,少量的姜和胡椒粉能溫暖胃,並增強胃粘膜的保護。 第三、避免喝牛奶 因爲牛奶,就像啤酒一樣,能在胃裏引起大量的酸分泌。牛奶流入胃時,可稀釋胃酸濃度,減輕胃酸對胃十二指腸潰瘍的刺激,暫時緩解上腹部不適。牛奶成了胃粘膜的刺激物,導致胃酸增加,使病情惡化,因此,潰瘍患者不應飲用牛奶。 第四、避免喫嘌呤的食物 還要注意不要喫含有更多嘌呤的食物,嘌呤的食物會減少胃液分泌和刺激胃粘膜,患者應禁止食用,如蠶豆和大豆、豆腐乾和煙燻豆腐乾等。 第五、避免暴飲暴食 爲了避免過於飢餓、當出現疼痛可以少喫多餐,也可以喫一兩片蘇打餅乾。一次不要喫過多,寧願每餐少喫,可以適當增加餐數,更要避免暴飲暴食,每一餐只喫7-8分飽爲宜。 第六、避免喫過於油膩的食物 一些油炸、或過於油膩的食物最好少喫,飲食要以易消化的食物爲主,肉類最好要煮熟的,蔬菜也要避免半生不熟的。可多喫猴頭菇,以中藥治療腸胃問題很有效。 第七、要避免多飲酒 因爲多喝酒對於身體健康非常不利,多喝酒不僅會傷肝,還會會刺激胃,會使潰瘍加重。 總而言之,當患了十二指腸後,我們首先要做的就是去醫院做胃鏡檢查,以排除是受到幽門螺桿菌的感染,因爲當患了此病後,可能發生癌變。除了採用藥物進行治療外,還需要調節情緒和飲食的規律,膳食補充劑是治療任何疾病非常好的輔助治療方法,特別是十二指腸的患者,可通過飲食來進行調節 平時的生活當中,我們一定要按照正確的方法來改善我們的身體,也特別我們的身體當中出現了這麼多的危害,及時的按照正規的方法來解決,我們這個十二指腸潰瘍的症狀,包括我們的身體更加的健康纔是最重要的,對於我們的生活而言,帶來的幫助也是比較大,還能夠讓我們的生活更加的完美。"
孕婦在進行牙科操作之前是否可以拍攝口腔部位x光片？,"根據原文“如果有必要,是可以拍攝口腔部位x光片的。首先是口腔部位拍攝x光片的放射劑量不大,不會影響胚胎和胎兒的生長發育,也不會導致畸形發生率的增加,二是在拍攝的時候可以做好腹部的防輻射保護。即使如此,如果不是非常的緊急和必要,可以推遲到分娩以後再做。”可知，孕婦在進行牙科操作之前是可以拍攝口腔部位x光片的。但如果不是非常緊急和必要，可以推遲到分娩以後再做。",22850,健康,懷孕生孩子那些事 之 孕婦看牙醫,"懷孕以後,牙齒和牙齦出問題的準媽媽不在少數,不少人也會來問我出了這些問題該怎麼辦？""牙疼不是病,疼起來真要命"",這些牙齒和牙齦的問題其實是很不舒服的,忍着吧,想想要忍10個月就覺得絕望；去看牙醫吧,大多數人是不會幫你處理的,多數會說你忍忍吧。在多數牙醫看來,這些都是小問題,但是發生在孕婦身上就是大問題了。處理得好,是應該的,處理得不好,會有很多的麻煩和糾紛,所以多數牙醫是對孕婦敬而遠之的。其實,有很多的牙齒和牙齦的問題是可以在孕期處理的,對於胎兒來講,這些手術操作和用藥是不會有什麼不良影響的,所以這篇文章是既是寫給準媽媽看的,也是寫給牙醫同行們看的。爲了給絕望的準媽媽們解決這個問題,歡迎各位有過孕期看牙醫經歷的準媽媽和媽媽們來""舉報""那些願意爲準媽媽解決問題的牙醫們,也歡迎各位牙醫同行們自我""舉報"",不過我希望大家的""舉報""必須是真實的,你也是的確有能力也願意爲準媽媽服務的,而不僅僅是爲了做廣告,不然的話,大家對你的負面評價來了,後果會很嚴重的。我會在留言區把這些牙醫的名字醫院診所城市放出來,以後還會製作一張全中國願意爲準媽媽看病的牙醫名單。好了,言歸正傳,我們來聊聊孕婦看牙醫的那些事。孕期牙齒和牙齦的常見問題懷孕以後,在高水平的雌孕激素的作用下,牙齦會出現腫脹、出血,牙縫殘留的食物還會進一步刺激牙齦,引起牙周炎和牙齦炎。原來在懷孕以前不明顯的牙齒問題也會在孕期顯現出來,例如導致牙痛的智齒、齲齒等。常規的牙齒操作安全嗎？安全的,年度的牙齒常規檢查和預防性的清潔操作是沒有問題的,可以放心的去實施。這些常規的操作不僅僅無害,反而會幫助預防口腔感染和牙齦疾病,有可能在一定程度上降低早產的風險。在孕期做補牙和做牙冠也是可以的,這可以幫助治療和預防感染。通常情況下,建議這些牙齒和牙齦的操作和治療安排在進入中孕期以後,這樣可以減少大家的擔心。當然,最安全,最好的辦法是在孕前和產後做所有的這些事情。一些選擇性的操作和治療,例如牙齒美白和牙齒的""美容性""手術操作,應該安排在分娩以後再去執行,但是有些緊急的牙科問題,例如根管治療或拔牙就需要在孕期實施了。準媽媽躺在牙椅上進行手術操作時,請注意調整好體位,避免長時間的仰臥引起的仰臥位低血壓綜合徵。一旦出現頭暈、噁心、嘔吐、胸悶、面色蒼白、出冷汗、心跳加快等症狀,需要暫停操作,及時調整體位,緩解症狀。孕期牙科手術操作時和手術後可以用藥嗎？可以的,這種情況下最常用的藥物有兩類,一是局部麻醉藥,二是抗生素。拔牙不用麻醉藥是很殘酷的一件事,牙科麻醉最常用的局部麻醉藥是利多卡因,它是fda的b類藥,是可以在孕期安全使用的。即使如此,局部麻醉藥物的使用量還是要控制,要使用最小的有效劑量,能夠不痛,讓牙醫可以自如的操作就可以了。牙齒和牙齦的手術操作以後,通常需要使用抗生素,常用的青黴素、阿莫西林、頭孢、克林黴素等都是屬於b類藥,可以在孕期安全使用。孕婦在進行牙科操作之前拍攝x光片安全嗎？安全的,如果有必要,是可以拍攝口腔部位x光片的。首先是口腔部位拍攝x光片的放射劑量不大,不會影響胚胎和胎兒的生長發育,也不會導致畸形發生率的增加,二是在拍攝的時候可以做好腹部的防輻射保護。即使如此,如果不是非常的緊急和必要,可以推遲到分娩以後再做。--分割線--點擊購書 特別聲明:以上文章內容僅代表作者本人觀點,不代表新浪看點觀點或立場。如有關於作品內容、版權或其它問題請於作品發表後的30日內與新浪看點聯繫。"
爲什麼晚餐應該選擇清淡、易消化的食物？,"根據原文“晚餐宜清淡,注意選擇脂肪少、易消化的食物,且注意不應喫得過飽。”可知，選擇清淡、易消化的食物可以讓身體專注於整夜的睡眠燃脂，防止晚餐營養過剩造成的肥胖。",51275,健康,我只關心怎麼能變瘦!10個可以幫助你輕鬆瘦身的小祕密,"瘦身除了健身這個大課程,有時候一些簡單的技巧會讓你的瘦身突飛猛進,而且特別容易堅持,這些祕密你需要知道,mark一下學起來吧。1.每天早上喝熱檸檬水檸檬會讓你的水變鹼化,比起那些蘇打水安全又健康。檸檬會開始燃燒你的脂肪,並啓動你的新陳代謝,開始脂肪燃燒一整天。所以跳過一杯咖啡,拿些熱水和檸檬,讓你的一天充滿激情吧！2.飯後喝綠茶綠茶以其抗氧化特性而聞名,在衆多的科學研究中被認爲是減肥的助推器。在喫過一頓大餐後,來一杯綠茶,讓你的新陳代謝加速到脂肪燃燒的狀態。雖然茶並不是治癒一切的良藥,但它可以幫助你保持飽腹感,並幫助你燃燒掉餐中的一些脂肪。4.清淡的晚餐晚餐宜清淡,注意選擇脂肪少、易消化的食物,且注意不應喫得過飽。晚餐營養過剩,消耗不掉的脂肪就會在體內堆積,造成肥胖,影響健康。一頓清淡的晚餐會讓你的身體專注於整夜的睡眠燃脂,而不是消化你的晚餐。5.睡前至少兩個小時不要喫東西不要在睡覺前喫東西,宵夜是絕對禁止的。睡前飲食食物不能被完全消化、吸收,消化道內食物殘渣太多會導致早上沒食慾,中午一下子又會猛喫,於是這樣的惡性循環就開始了。6.邊走邊收緊你的肌肉你知道你走路的時候可以鍛鍊你的肌肉嗎？當你在家裏、辦公室或任何地方散步時,你都可以腹部緊繃收縮腹肌、臀部、腿部肌肉,使肌肉達到緊緻。邊走邊感覺你的腹部和臀部肌肉,有效地刺激你鬆鬆垮垮的小肚腩和肥臀,這對於新手健身找到肌肉發力的感覺很有幫助。7.把你的椅子換成一個健身球不要相信人體工學那些鬼話,越是舒服的椅子越容易掉肌肉！拿一個大的健身球,坐在上面工作,它會時刻提醒你的坐姿。你會感覺到你的核心肌肉興奮起來,很容易改善坐姿不良,扔掉採購部買的那把該死的椅子,快去試試健身球吧！8.多喫些纖維纖維素不容易被消化分解,多喫纖維食物可以時刻保持我們的飽腹感,不會經常感到飢餓。另外纖維在保持消化系統清潔方面起關鍵作用,可以促進胃腸蠕動,有助於排便。常見纖維食物有燕麥片、紅薯、蘋果、梨、桃、無花果、韭菜、芹菜、蘿蔔、小米、玉米、糙米、土豆、全麥食品等等。9.減少糖攝入遊糖的攝入增加(尤其是來自甜飲料的部分)會導致體重增長、並可能增加其他相關慢性疾病的風險。對隨機對照研究的分析顯示,減少糖攝入可以幫助降低體重,而糖攝入量增加也會相應地導致體重增長。所以八寶粥、蛋糕、餅乾、糖果之類的零食和含糖飲料(包括果汁)都要儘可能避免。10.放棄電梯講真,每天爬樓梯是個很好的習慣,比健身房裏的登山機好玩又有效,你可以跑,可以跳,ta不但可以訓練你的心肺,還有效鍛鍊下半身的肌肉,還能翹臀哦！ 特別聲明:以上文章內容僅代表作者本人觀點,不代表新浪網觀點或立場。如有關於作品內容、版權或其它問題請於作品發表後的30日內與新浪網聯繫。"
家長應該如何應對手足口病高發季節？,"根據原文“今年門診接診病例的確明顯降低,但家長仍需保持警惕。”可知，家長在手足口病高發季節仍需保持警惕，尤其是5歲以下兒童出現皮疹、發燒等症狀時，應及時就醫。此外，注意加強衛生習慣，避免接觸病毒傳播途徑，確保孩子的飲食安全和個人衛生。",37352,健康,手足口病高發季 家有幼兒注意!,"手足口病高發季,孩子外出務必注意衛生(圖文無關)。廣州日報全媒體記者楊耀燁 攝 說到手足口病,大家都不陌生。以往廣東入夏天氣溼熱病毒活躍,家長十分警惕。今年因爲新冠肺炎疫情影響,戴口罩、勤洗手成爲""每日功課"",手足口病發病率有所下降,很多家長開始大意。 廣州市第一人民醫院兒科主任張又祥介紹,根據往年的流行趨勢判斷,廣東每年有兩個手足口病的發病高峯:4~7月和9~10月。一到4月份,手足口病的患兒就會急劇增加。今年門診接診病例的確明顯降低,但家長仍需保持警惕。5歲以內兒童出現皮疹、發燒等症狀,家長就要繃緊心中的弦了。 手足口病是一種常見的兒童傳染病,由腸道病毒引起,多發於5歲以下兒童,初始症狀爲低熱、食慾減退、全身不適,並伴有咽痛等症狀,易與上呼吸道感染混淆。後期表現爲手、足、口腔等部位出現小皰疹或小潰瘍。張又祥特別提醒家長,疫情期間,當孩子出現發熱、咽痛、嘔吐等症狀,不要緊張誤判,還要重點看一看手心、腳心是否有明顯的紅疹。如果有,很可能就""中招""了。 此外,有的患兒四肢或身上並不會出現明顯的紅疹,只是口腔裏有皰疹,這很可能是皰疹性咽峽炎,它和手足口病關係非常近,導致這兩種疾病的都屬於一個大類病毒。張又祥介紹,手足口病主要是通過接觸傳播。手足口病病人呼吸道分泌物(鼻涕)、口水、大便、皮膚的皰疹裏面都有病毒,部分病毒可以經過呼吸道傳播,比如患兒打噴嚏時,健康的孩子正好吸入了病毒,也會導致得病。另外,飲用或食入被病毒污染的水和食物亦可感染。 出現這些症狀 務必及時就醫 張又祥介紹,手足口病潛伏期約3-5天,屬於自限性疾病,大部分都是輕症,病程約5-7天后都能自行恢復。但感染了柯薩奇病毒a16型(cox a16)和腸道病毒71型(ev 71)的部分患兒會出現重症,3歲及以下的孩子發生重症的可能性較大,死亡病例也集中在這個年齡段。 因此,他提醒家長們,如果孩子在這個年齡段,確診了手足口病,出現了持續高燒不退(38.5℃以上、24小時以上),即使口服退熱藥也很難退熱、四肢抖動甚至抽搐、精神萎靡或者昏迷等症狀,都是在發出重症預警,應及時來醫院就診。"
肝不好的人應該如何按摩以改善肝臟功能？,"根據原文“肝不好-找右手 操作方法:肝的對應反射在右手,肝不好可以逆時針按摩下圖顯示肝臟的位置47下。”可知，肝不好的人可以逆時針按摩右手下圖顯示肝臟位置的地方47下，以改善肝臟功能。",8371,健康,"按摩手部有奇效,脾胃不好,找左手;肝不好,找右手","因爲飲食不規律、生活日夜顛倒導致現在很多人都處於亞健康的狀態,脾胃和肝首當其中就會被傷害到,那身體發出了什麼信號說明我們的脾胃和肝不好了呢？ 一、肝好不好,身體會給你5個信號 1、鼻頭髮紅 肝不好鼻頭會發紅的原因是因爲肝臟受損時體內荷爾蒙就會處於紊亂狀態,導致鼻頭處毛細血管發生擴張。當肝臟功能降低、荷爾蒙紊亂時容易出現「鼻頭紅」,但鼻發紅≠肝不好,只是可能發生的症狀之一。 2、粉刺變多 排除突然生活不規律,女性排除生理期,如果突然粉刺變多就要注意了,肝臟功能不好,會使我們的皮脂分泌增多,導致粉刺叢生。 3、傷口容易化膿 肝臟對人體有代謝和解毒的作用,肝臟功能受損的話,不僅皮膚再生就會受到阻礙,還容易引起傷口感染細菌化膿。 4、指甲不同變化代表不同問題 指甲發白:肝不好時就會肝血不足,指甲也就會失去養分。 指甲有深淺不一的縱線:過度勞累,睡眠不足會導致指甲上縱線較多。 指甲易斷裂:肝血不足者指甲便會變得乾枯硬脆,容易折裂。 5、手掌片狀充血(肝掌) 當手上出現肝掌的時候,往往都會伴隨慢性肝炎或者肝硬化。肝掌爲片狀充血或是紅色斑點、斑塊,且加壓後會變成蒼白色,出現在手掌大拇指和小拇指的根部魚際處。 二、脾胃不好,注意身體的3出變化 1、眼易疲勞 脾胃不足 脾胃不好容易氣血不足,進而影響到肝,肝開竅於目,所以眼睛容易疲勞,看不清東西。 2、容易口臭、牙齦腫痛 如果突然一段時間本來沒有口臭、牙齦腫痛的你,突然有了這兩個症狀就要小心了。口臭、牙齦腫痛等症狀大多和脾胃消化能力不足有關。 3、皮膚暗黃生斑,脾虛人羣大多表現爲暗黃,嘴巴周圍爲重。 三、脾胃不好,找左手；肝不好,找右手 1、胃不好-飯前、飯後按摩左手心半小時 操作方法:飯前半小時順時針按摩36次,可促進胃液、消化酶的分泌；飯後半小力度可稍微加大順時針按36次,促進胃排空食物,使胃不受累。 2、保養肝-按摩大拇指指根 操作方法:觸摸手心面緊靠大拇指指根的部位,順時針摩擦64次。 3、肝不好-找右手 操作方法:肝的對應反射在右手,肝不好可以逆時針按摩下圖顯示肝臟的位置47下。"
醫生在整形手術時爲什麼要在臉上畫那麼多線？,"根據原文“整形時,醫生給你畫線了嗎？？整形或者微整形, 你以爲就是在臉上打打針,開個刀那麼簡單嗎？ 不管是進行臉部抗衰老治療時,還是面部微整,真皮層使用的是非永久性填充材料,而神經位於真皮層較深的一層、對於臉上動刀則更需要仔細,對於那些錯綜複雜的面部血管佈局,醫生爲了避免手術失誤,在面部畫線是非常重要的。”根據原文內容可知，醫生在整形手術時在臉上畫線是爲了避免手術失誤，對面部的錯綜複雜血管佈局和神經位置進行精確的標記，以確保手術的安全和準確性。",1299,健康,"整容的時候,爲什麼要在臉上畫那麼多線?","整形時,醫生給你畫線了嗎？？整形或者微整形, 你以爲就是在臉上打打針,開個刀那麼簡單嗎？ 不管是進行臉部抗衰老治療時,還是面部微整,真皮層使用的是非永久性填充材料,而神經位於真皮層較深的一層、對於臉上動刀則更需要仔細,對於那些錯綜複雜的面部血管佈局,醫生爲了避免手術失誤,在面部畫線是非常重要的,那麼面部的畫線都什麼作用呢？ 標記手術方位 面部記號畫線,有非常重要的因素就是主診醫生要明確自己手術的方位,不管是面部脂肪填充,還是面部埋線,小v臉線雕等等,雖然線路不同,但是都是給醫生""指路""用的。 以脂肪填充爲例 有些醫生會將紅色線標明的是臉部動脈,黑色標明的是臉部神經,紫色是韌帶。 白色線表示需要填充注射的部位。紫色線圈出的部位需要填充自體脂肪。當然不同醫生用的畫線顏色可能有差異,但是都大同小異。 面部埋線爲例 面部埋線時設計的畫線,面部神經血管分佈非常複雜,而手術中所有穿透性治療都是很危險,稍不注意, 就會造成面部神經壞死或者面癱。 特殊區域的警示作用 有些主診醫生會在非經絡區做屬於自己的標記,這可能是因爲求美者在臉部已經做過其他的手術,爲了避免手術的操作在之前已經有過手術痕跡的位置,避免重複之後,帶來正正得負的效果,醫生一般會在前期對顧客有着非常明確的詢問且會在臉部做詳細的標記,這樣能避免很多情況的發生,之前有一個案例就是某女士在凹陷部位打了玻尿酸填充,然後又做了fotona4d激光,然後那個本來填充好好的位置,就凹陷下去了,其原因在於該女士未告知某部位填充了玻尿酸,所以在操作之前,主診醫生會問的非常詳細。 能洗乾淨嗎？ 大部分的具有完整資質的醫美診所用的基本上都是植物畫線,非常環保,所以手術結束後,有專門護士去掉這些臉上的""地圖"",不用擔心畫線之後祛不掉的問題。 所以 不管哪項手術之前,醫生都會在求美者的面部,標註上需要手術的位置和層次, 確保安全。"
如果早晨起牀時腰部感到僵硬疼痛不舒服，應該及時進行什麼檢查？,"根據原文“診斷這個病,常規需要拍攝骨盆片(平片、ct或者mri),或者驗血查hla-b27這個指標,如果這個指標陽性,大約有90%可能性就是這個病了”，建議儘快去醫院進行骨盆片、CT、MRI檢查或者驗血查HLA-B27這個指標。",57242,健康,早晨起來腰部僵硬疼痛可能是什麼病?,"早晨起來,腰部僵硬不靈活,疼痛或者酸脹不舒服,活動一下會好點,或者過個半小時、一小時纔好點,這是怎麼回事？ 這種情況的專業說法,稱爲晨僵(morning stiffness),可以見於脊柱(腰椎爲主)和四肢關節(手指關節、腕關節和膝關節多見)。 產生晨僵的原因可能是因爲靜止不動時間過久,無菌性炎症水腫加重或者血液循環障礙導致致痛物質代謝困難,活動以後,肌肉收縮放鬆,局部血液循環改善,炎性水腫消退或者致痛物質代謝吸收,疼痛和僵硬症狀就會緩解。其實晨僵不僅僅見於早晨,白天如果靜止不動時間過長,也會出現。 四肢關節的晨僵一般見於風溼性關節炎、類風溼性關節炎或者骨關節炎。 腰椎的晨僵,可能是以下兩種疾病: 第一種,如果是一位中老年人,腰部發生晨僵,通常可能是腰椎退行性骨關節炎,又稱爲骨性關節炎,或者增生性關節炎,民間又稱爲腰椎骨質增生或者腰椎骨刺。有的早晨還沒起牀,就感覺不舒服,起來活動後纔會緩解。 第二種,如果是一位青年人,腰部發生晨僵的話,可能是一個致殘率極高的疾病-強直性脊柱炎。青年人晨僵這個症狀,病人和醫生都容易忽略。診斷這個病,常規需要拍攝骨盆片(平片、ct或者mri),或者驗血查hla-b27這個指標,如果這個指標陽性,大約有90%可能性就是這個病了。這個病如何治療,我們以後再談。如果您年紀很輕,卻有晨僵的症狀,建議您趕緊去醫院查一下。這個病以前被稱爲是不死的癌症,現在是有很多辦法的,關鍵是能早期診斷出來。 文章所涉藥方、療法及防治觀點均爲醫生個人意見,患者勿盲目使用,須及時就醫。"
春雨過後，女人如何預防溼氣？,"根據原文“婦科醫生:多喫幾樣菜,有助預防溼氣。 多用生薑泡腳,促進發汗,多喫紫蘇葉雞蛋、鯽魚冬瓜湯,有助預防溼氣。”可知，女人可以多喫一些有助於防溼氣的菜，如紫蘇葉雞蛋、鯽魚冬瓜湯等。同時還可以多用生薑泡腳，促進發汗，有助於預防溼氣的產生。",38738,健康,"春雨過後,女人如何預防溼氣?婦科醫生:多喫幾樣菜,有助防溼氣","春雨是一個空氣溼潤的時期,春雨綿綿容易使空氣中的水分增加,若不注重乾燥性,容易使溼氣入侵人體。當人體溼氣重的時候,容易給脾胃帶來水溼運化的困擾,減少脾胃對人體水分的運化,從而使水液留滯在水中,從而形成了溼氣。這就形成了脾氣虛弱的狀態,可能會出現肚子發脹、舌頭有齒印、大便溏泄等,女人的體質屬於陰,若不注重飲食上的養生,經常食用肥甘厚味,容易助溼,春雨過後,人體新陳代謝可能變得緩慢,可能會增加溼熱下注的幾率,不利於子宮的保養。因此,春雨過後,女人如何防溼氣？婦科醫生:多喫幾樣菜,有助預防溼氣。 多用生薑花椒泡腳: 春雨過後,婦科醫生建議,可以多用生薑泡腳,預防溼氣。生薑性熱,具有活血化瘀、驅寒祛溼的功效,通過熱水的作用,可以使姜酮油更好更揮發出來,易被足部肌膚吸收,促進血液的循環,有助於疏通經絡,通過使人體發汗,排出更多的溼氣,還有助於睡眠。因此,女人睡前1小時後,可以多泡腳,有助於祛溼,養護身體。 鯽魚冬瓜湯: 食材:鯽魚、冬瓜、蝦皮、鹽、姜。把鯽魚內臟去除乾淨洗淨後備用。在熱鍋中加入姜爆香後,放入鯽魚煎至雙面微黃後,加入適量的水,大火沸騰,再根據個人的實際口味加入鹽、蝦皮提味,最後倒入冬瓜塊,煮5分鐘即可。鯽魚性平,能健脾益胃,搭配冬瓜有消暑祛溼的功效,女人經常喝,可利尿,增加溼氣排出。春雨過後,女人可以經常喝鯽魚冬瓜湯,有助於預防溼氣。 紫蘇葉雞蛋: 食材:紫蘇葉、雞蛋、鹽、油。把紫蘇葉洗淨後,切成碎沫後,加入攪拌好蛋液中,再根據個人口味加入適量的鹽即可。待熱鍋後倒入油,加入蛋液,轉小火炒至4分鐘左右即可裝盤。紫蘇葉是一種可食用的野菜,中醫認爲,紫蘇性溫,可入脾經,具有發汗的作用,女人在春雨過後,經常食用紫蘇,可以改善脾胃氣滯症,促進溼氣的排出,提高人體的新陳代謝能力,有助於預防溼氣。 春雨過後,女人如何防溼氣？婦科醫生建議。多用生薑泡腳,促進發汗,多喫紫蘇葉雞蛋、鯽魚冬瓜湯,有助預防溼氣。還可以晨起多做一些運動發汗,促進脾胃的排溼功效,減少人體大便溏泄的症狀,促進毒素的排出。 版權聲明:圖片來源於網絡,圖文無關。"
如果一個女人的月經量過少，她應該多喫哪些食物？,"根據原文“月經量少的女人,平時沒事多喫這""6物"",溫經補血,或能延緩衰老”，她應該多喫鴨血、桃膠、海蔘、黑棗、玫瑰花水和紅豆。這些食物可以幫助改善月經量少的狀況，促進體內垃圾和毒素排出，補充氣血，促進雌激素的生成，延緩衰老。",39509,健康,"月經量少的女人,平時沒事多喫""6物"",溫經補血,或能延緩衰老","女人每個月都會來月經,但是每月一次的月經是女人排出身體中毒素的好幫手,對維護身體健康非常重要。但是月經不調都是困擾女人的一大問題,比如說月經量過少,就讓女人頭疼不已,因爲這樣如此可能會導致卵巢早衰等多種婦科問題。月經量少的女人,平時沒事多喫這""6物"",溫經補血,或能延緩衰老 鴨血 鴨血含有較多的蛋白質和纖維,有着很好的滋補身子、保養皮膚的功能,那麼在月經期間多喫一些鴨血,然而月經量少的情況也能幫助改善。 桃膠:桃膠中的碳水化合物、蛋白質等營養成分,極易被人體吸收,可能很好的調節雌激素分泌,促進體內垃圾和毒素排出,改善月經不調的狀況。 海蔘 海蔘營養豐富,蛋白質含量高,對於提高人體免疫力效果顯著。海蔘不能直接補充雌激素,但是常喫海蔘可以促進細胞再生,修復身體損傷,特別是卵巢損傷。 黑棗 黑棗中富含蛋白質、脂肪、糖類、多種維生素等,其中維生素c和鈣質、鐵質都很豐富。月經量少的女人,不妨常喫黑棗,可以幫助我們女性補氣血,延緩衰老 玫瑰花水 玫瑰花含有大量的維生素,能幫助我們調節內分泌,減輕疲勞。平時不妨常喝玫瑰花水,能由內而外的幫助我們調理,補充氣血,促進雌激素的生成。 紅豆 含有大量的膳食纖維和其他營養物質,對於潤腸通便有着非常好的效果,而且經常喫紅豆還能夠降血糖,降血脂,對於女性而言,紅豆還有暖宮排毒的作用。"
棗花蜜爲什麼更適合女性朋友？,"根據原文“棗花蜜是女人極佳的滋補品,常喫滋陰養血護脾胃,有助身體健康”可知，棗花蜜屬熱性，常喫可以滋陰養血、護脾養胃，對女性朋友有助於調節神經、改善睡眠、護膚美容，是極佳的滋補食品。",94865,健康,"棗花蜂蜜是女人極佳的滋補品,常喫滋陰養血護脾胃,有助身體健康","棗花蜜是蜜蜂採集棗樹的花釀製而成的蜂蜜。棗花蜜屬熱性,補中益氣、滋陰養血、護脾養胃,經常服用還可以調節神經、改善睡眠、護膚美容,是女性朋友極佳的滋補食品。 棗花蜜是我國比較大宗的蜂蜜產品,也是消費羣體比較推崇的蜂蜜類型之一。棗花蜜一般呈琥珀色或淺琥珀色,經過嫁接的紅棗樹的花蜜所產的棗花蜜的顏色呈琥珀色,而野生的未經嫁接的棗樹所產的棗花蜜的顏色較淺,呈淺琥珀色。棗花蜜果糖含量很大,甜度大,所以味道甜膩,兼有飴糖味和杏仁味,有濃郁的棗花香氣。 棗花蜜中含有蛋白質和人體必需的17種氨基酸。據分析,每百毫升棗花蜜中含有天門冬氨酸5.7毫克、蘇氨酸1.8毫克、絲氨酸2.4毫克、穀氨酸4.8毫克、甘氨酸1.7毫克、丙氨酸1.9毫克、纈氨酸2.1毫克、蛋氨酸0.6毫克、異亮氨酸1.8毫克、亮氨酸2.7毫克、酪氨酸0.2毫克、苯丙氨酸3.2毫克、賴氨酸1.4毫克、胱氨酸0.8毫克。蛋白質是人體細胞組織不可缺少的物質,若供應不足,會造成蛋白質營養缺乏症,導致人體發育遲緩、貧血,對疾病抵抗力降低。棗花蜜中粗蛋白質含量爲0.17%,經常食用,可以補充食物中蛋白質和氨基酸的不足。 那麼,爲何棗花蜜更適合女性朋友呢？ 棗花蜜中含有豐富的微量元素和礦物質,如鈣、鎂、鉀、鈉、磷、氯、硫、鐵、鋅、硒、鈷等。鈣、鎂、磷是骨骼的組成部分；磷和硫是蛋白質的成分,鐵是血紅蛋白的重要原料,鋅是血液和其他組織以及許多酶的功能成分和活化劑,鈷是維生素b12的組成部分。因此,常食棗花蜜不僅能使體內無機鹽得到平衡,而且使人體新陳代謝旺盛精力充沛。 棗花蜜中所含的維生素c在所有單花蜜中都是比較高的,另外礦物質鐵和銅的含量也極爲豐富。鐵是血紅蛋白的重要部分,而銅對血紅蛋白合成有促進作用。棗花蜜富含的糖分、氨基酸及維生素能促進造血物質的合成並能提高造血細胞的數量,從而起到補血養血效果,特別適合女性朋友食用。 那麼,女性朋友喝棗花蜜有哪些好處呢？ 棗花蜜富含碳水化合物、有機酸及活性酶等成分能刺激胃部分泌胃酸並有助於胃腸消化食物。棗花蜜還富含維生素、礦物質、氨基酸及乙酰膽鹼等能維持胃腸功能正常運作並能促進胃腸蠕動促進排便通暢。 棗花蜜裏的活性物質能增強機體的特異性免疫和非特異性免疫,同時棗花蜜富含黃酮類化合物、多酚類化合物等抗氧化成分能清除體內過多的自由基。另外棗花蜜富含的糖分及氨基酸等能增強機體抗病力而使人少生病。 棗花蜜可以大致分爲兩種:一種是大棗花釀造的蜂蜜,另一種是山棗(野生酸棗)花釀造的棗花蜜,都屬於棗花蜜,但是顏色和味道不盡相同。 那麼,哪種棗花蜜好呢？ 由於酸棗蜜是野生資源,生長於荒野之中,沒有人爲污染,而大棗需要人工管理,農藥或者化肥之類的會用到；大棗蜜的味道沒有酸棗蜜好,大棗蜜有一種類似於中藥的味道,而酸棗蜜味道清純很多,並且花香較爲濃郁。所以酸棗蜂蜜的品質要優於大棗蜂蜜。 如果您也喜歡這些蜂蜜養生小知識,別忘了給我點贊,收藏、轉發和朋友一起分享,還可以在評論區一起交流。感謝您的閱讀,祝生活愉快。"
回答者覺得這項研究有哪些侷限性？,"根據原文“這項研究有多項侷限。研究資助方是番茄食品品牌擁有者,研究樣本較少且研究對象居住在同一地區,研究人員沒有評估志願者其他飲食習慣”，可知，研究資助方的利益關係、樣本數量和地域侷限以及其他飲食習慣未被評估等都是這項研究的侷限性。",71038,健康,每天一杯番茄汁 有益心血管健康,"研究人員發現,94名患高血壓或處於高血壓前期的志願者研究結束時血壓水平明顯低於一年前,平均收縮壓從141.2毫米汞柱降至137毫米汞柱,平均舒張壓從83.3毫米汞柱降至80.9毫米汞柱。依據美國心臟病協會指南,長期保持這樣的血壓降幅,二級高血壓患者有望降爲一級高血壓患者。日本東京醫科齒科大學研究人員牽頭的一項研究顯示,一天一杯番茄汁可能有助降低血壓和膽固醇水平,從而降低心血管疾病風險。不過,研究有多項侷限。研究人員招募184名男性和297名女性志願者,讓他們每天隨意飲用不加鹽的番茄汁,爲期1年。結果,志願者人均每天飲用215毫升,相當於不到1杯。在研究開始和結束時,研究人員檢測志願者的血壓、甘油三酯、膽固醇以及空腹血糖水平。研究人員評估62名糖耐量受損且沒有接受治療的志願者,發現他們沒有明顯改善。另外,127名甘油三酯和膽固醇水平異常的志願者一年後甘油三酯和有助疏通動脈的高密度脂蛋白水平沒有變化,不過,能對動脈造成傷害的低密度脂蛋白水平明顯降低。值得一提的是,調查問卷獲得的結果顯示,志願者一年間生活方式沒有顯著變化。研究人員在最新一期《食品科學與營養》刊載的論文中寫道,這項研究顯示,番茄或番茄製品可能降低血壓、膽固醇水平,從而有益心血管健康。研究人員認爲,這或許因爲番茄含有多種生物活性化合物,包括類胡蘿蔔素、維生素a和伽馬氨基丁酸。不過,今日醫學新聞網站認爲,這項研究有多項侷限,不足以說服人們改變飲食習慣。研究資助方是番茄食品品牌擁有者,研究樣本較少且研究對象居住在同一地區,研究人員沒有評估志願者其他飲食習慣。(據新華社) 特別聲明:以上文章內容僅代表作者本人觀點,不代表新浪網觀點或立場。如有關於作品內容、版權或其它問題請於作品發表後的30日內與新浪網聯繫。"
女性如何預防和改善婦科炎症？,"根據原文“我們可以從生活方面入手,特別是對於喫的東西哦,消炎抑菌,解救你的婦科炎症。葡萄乾含有大量的維生素、氨基酸和鈣鐵礦物質元素,女性常會因爲經期失血過多,而出現輕度貧血,多喫葡萄乾,有助於補血益氣,抗衰老美容養顏,預防婦科炎症、改善氣色。女人喫黑蒜也是極佳的殺菌消炎、預防婦科炎症的方式,黑蒜對身體內的細菌有滅殺的作用。經常食用黑蒜能抵抗婦科炎症帶來的不適,讓身體免疫力提高。”可知，女性可以多喫葡萄乾和黑蒜來預防和改善婦科炎症。",88738,健康,"沒事多喫這些天然的食物,消炎抑菌,解救你的婦科炎症","隨着時代的發展,對於女性的一些疾病的增加,特別是婦科疾病,給不少女性同胞帶來了煩惱跟擔心呢。 想要預防根治真的很難嗎？我們有應該從哪些方面來了解入手呢。 別擔心,小編現在來告訴你哦,我們可以從生活方面入手,特別是對於喫的東西哦,消炎抑菌,解救你的婦科炎症。 葡萄乾含有大量的維生素、氨基酸和鈣鐵礦物質元素,女性常會因爲經期失血過多,而出現輕度貧血,多喫葡萄乾,有助於補血益氣,抗衰老美容養顏,預防婦科炎症、改善氣色。 女人喫黑蒜也是極佳的殺菌消炎、預防婦科炎症的方式,黑蒜對身體內的細菌有滅殺的作用。經常食用黑蒜能抵抗婦科炎症帶來的不適,讓身體免疫力提高。 蜂蜜我們都知道是具有豐富的營養價值,每天泡水飲用除了潤腸通便的作用外,還具有很好的美容作用。在睡前喝一杯蜂蜜水有助於提高睡眠質量,幫助睡眠,還對女性有很好的滋補作用,對抗身體的各種炎症很有益處。 蒲公英它具有豐富的胡蘿蔔素和c及礦物質,對消化不良、便祕都有改善的作用。此外,蒲公英的葉子還有改善溼疹、舒緩皮膚炎、關節不適的淨血功效,而它的根則具有消炎作用,還可以治療膽結石、風溼等症狀。 女性經期會出現有很多不適的症狀,其中最常見的有經痛、腰膝痠軟、身體倦怠、睡眠不安等,經常喝一下紅糖薑茶,驅寒暖宮,可減輕或消除經期的種種不適,增強身體抵抗力,有效防治婦科炎症。另外得注意,晚上不要喝薑茶,容易上火。"
糖皮質激素有哪些主要作用？,"根據原文“我具有調節體內糖、脂肪和蛋白質的產生和消耗的作用,還具有抑制免疫、抗炎、抗毒素、抗休克作用。”可知，糖皮質激素的主要作用包括調節體內物質代謝和抑制免疫、抗炎等作用。",67108,健康,"漲知識|昔日""神藥""糖皮質激素屢遭質疑,是天使還是惡魔?","以下文章來源於中國藥房 ,作者李媛媛大家好,初次見面有點小激動呢！ 我叫糖皮質激素,是激素大家族中的一員,大家可以叫我糖糖。 我看不見摸不着,但我一直與你同在,默默爲您打理""內務"",直到有一天,我被科學家們發現,大家才漸漸意識到了我的存在。 後來,因爲我能力非凡,被製成了藥品,幫助人們解決了很多的問題,甚至一度被奉爲""神藥"",走上""藥生巔峯""。 可是,不久後人們便發現,我的付出並不是無償的。長期大劑量地使用我,讓很多人付出了慘痛的代價。人們開始對我敬而遠之,將我視爲""惡魔""。 糖糖心裏苦,可是糖糖不哭...經歷了藥生的大起大落,我對自己有了更加清晰的認識,下面就帶領大家深入瞭解一下。 我從哪裏來？ 我的來源有兩種,一是從動物腎上腺提取分離的天然糖皮質激素；二是對天然糖皮質激素進行化學結構修飾後合成的同類藥物。前者包括可的松、氫化可的松；後者有潑尼松、潑尼松龍、倍他米松和地塞米松等。 ""天使""的我有哪些作用？ 我具有調節體內糖、脂肪和蛋白質的產生和消耗的作用,還具有抑制免疫、抗炎、抗毒素、抗休克作用。 臨牀上主要用於: 1. 某些疾病導致體內糖皮質激素分泌不足時的替代治療； 2. 嚴重急性感染或炎症,可緩解症狀,幫助患者度過危險期； 3. 呼吸系統疾病,如支氣管哮喘； 4. 腎臟系統疾病,如腎病綜合徵、腎小球腎炎； 5. 自身免疫性和過敏性疾病,如類風溼性關節炎和過敏性鼻炎； 6. 異體組織器官移植排斥反應的預防與治療； 7. 抗休克治療,用於各種嚴重休克,特別是感染性休克； 8. 血液系統疾病,如急性淋巴細胞性白血病； 9. 皮膚病,如牛皮癬、溼疹、接觸性皮炎； 10. 惡性腫瘤,如惡性淋巴瘤、晚期乳腺癌、前列腺癌。 ""惡魔""的我有哪些副作用？ 長期大量應用糖皮質激素可能引起的不良反應有: 1. 造成滿月臉、水牛背、多毛、皮膚變薄等； 2. 誘發或加重感染,主要原因是激素會降低機體對病原微生物的抵抗力； 3. 誘發或加重潰瘍病； 4. 誘發高血壓和動脈硬化； 5. 導致骨質疏鬆、肌肉萎縮、傷口癒合遲緩； 6. 誘發精神病和癲癇； 7. 抑制兒童生長發育； 8. 增加食慾,引發低血鈣、高血糖；9. 誘發激素性青光眼、激素性白內障。 哪些人對我要提起警惕？ 結核病、急性細菌性或病毒性感染患者慎用。必須應用時,需進行適當的抗感染治療； 糖尿病、骨質疏鬆症、肝硬化、腎功能不良、甲狀腺功能低下患者慎用； 細菌、真菌、病毒感染者要在應用足量敏感抗生素的同時謹慎使用； 妊娠期婦女使用可能對胎兒有損害,應權衡利弊；哺乳期婦女接受中等劑量、中程治療方案的糖皮質激素時不應哺乳。 使用我有哪些注意事項？ 嚴格執行醫囑,不隨意更改服藥劑量和時間,定期與醫生聯繫併到醫院複查血糖、血鉀。 服藥時間儘可能符合激素的生理分泌規律,如8:00前頓服或8:00前服日總劑量的23,14:00~15:00服日總劑量的13；飯後服用,減少對胃腸道的刺激；長期服藥後如需停藥,應逐漸減量,以免出現停藥反應。 吸入糖皮質激素製劑使用後應及時漱口,以免口腔真菌感染。 糖皮質激素外用製劑不可大面積和長期連續使用,連續使用一週症狀未好轉應諮詢醫生。 患者特別是老年患者,在服用糖皮質激素時,應常規補充鈣劑和活性維生素d,以防止骨質疏鬆及股骨頭壞死。 長期應用糖皮質激素者應定期檢查以下項目:血糖、尿糖或糖耐量試驗；眼科檢查；電解質和大便隱血；小兒應定期監測生長發育情況；老年患者應注意篩查高血壓和骨質疏鬆。 注意個人衛生,防止各種感染的發生。控制飲食,保持健康的生活方式。通過上面的自我介紹,大家對我的認識是不是又多了一分？ 只要按療程遵醫囑用藥,不擅自停藥、增減用量,定期做好隨訪,激素其實並不可怕。 ""天使""或是""魔鬼"",只在一念之間,只要使用得當,""魔鬼""也可以變成""天使""。我叫糖皮質激素,我爲自己代言！ 版權聲明 本號爲中國藥學會科普官方微信公衆號 文章轉載請註明出處 原標題:《2020年全國科普日 | 昔日""神藥""屢遭質疑,糖皮質激素表示""太難了"":是天使還是惡魔？都由你決定！"
男性熬夜後應該如何及時補充睡眠？,"根據原文“經常性上夜班的人羣應該合理的安排自己作息,在上午儘量要減少補覺的時間,可以在下午增加睡眠時間,但是下午睡覺不能超過三個小時,在補覺前要做好全身的放鬆。 睡覺前可以使用熱水來泡泡腳或者泡澡,能夠讓身體得到一定的放鬆,同時也可以聽聽音樂,能夠讓緊張的神經舒緩。”男性熬夜後需要合理安排作息時間，減少上午補覺時間，增加下午睡眠時間，保持全身放鬆，使用熱水泡腳或泡澡來放鬆身體，聽音樂緩解緊張的神經。",50083,健康,"熬夜傷身,男性熬夜後要怎麼補救?","男性熬夜屬於常見的事情,長時間熬夜會導致精神變得越來越差,甚至會讓男性出現頑固性失眠,嚴重的話會出現神經衰弱或者抑鬱症。 男性熬夜後怎麼補救 01 及時補充水分 男性熬夜的時候沒有足夠的時間來喝水,總是使用濃咖啡或者濃茶啤酒來代替,這樣會加重身體的缺水,對身體帶來一定的傷害。 不管工作有多麼的繁忙,一定要爲身體補充充足的水分,這樣才能夠補充身體所流失的水。 02 及時的補充睡眠 經常性上夜班的人羣應該合理的安排自己作息,在上午儘量要減少補覺的時間,可以在下午增加睡眠時間,但是下午睡覺不能超過三個小時,在補覺前要做好全身的放鬆。 睡覺前可以使用熱水來泡泡腳或者泡澡,能夠讓身體得到一定的放鬆,同時也可以聽聽音樂,能夠讓緊張的神經舒緩。 03 要在牀上來一會兒 長時間熬夜的人羣因爲沒有得到充足的睡眠,所以早晨起來之後會出現腦袋沉重,全身沒有力氣,人們在起牀之後會從平臥突然站起來,這樣會讓大腦處於缺氧狀態,猛然起身會出現眩暈,容易讓身體摔倒,甚至會有心慌的症狀。 熬夜之後千萬不能馬上起牀,應該讓頭腦保持清醒狀態下,然後再慢慢的起身走動。 04 不能喝咖啡因的飲料 很多男性熬夜時會選擇含有咖啡因的飲料來提神,咖啡因雖然提神效果很好,但是會消耗身體中的維生素b族,甚至會紊亂肌肉以及神經,大量缺乏維生素b會讓人們感覺到勞累,慢慢的形成惡性循環。 另外在晚上空腹喝含有咖啡因的飲料,會刺激胃腸粘膜引起腹部疼痛。 05 嚴格控制甜食的攝入量 熬夜時千萬不能喫甜食,雖然糖屬於高熱量食物,能夠讓人們得到一定的興奮,但是會消耗體內的維生素b族,對身體帶來一定的反功效,同時也會引起肥胖。 06 別喫垃圾食品 有很多男性熬夜時會喫薯片或者方便麪等垃圾食品,這些食物特別不容易消化,而且也會加重胃腸的負擔,容易引起身體的消化不良,甚至也會增高血脂。 07 別抽菸喝酒 香菸裏面含有大量的尼古丁,會讓血管處於收縮狀態,減慢了血液循環,讓皮膚變得提前衰老和乾燥,撐大毛孔。當身體裏面酒精超標時會引起身體的浮腫,熬夜人羣體質非常差,抽菸喝酒傷害會更大。 當男性熬夜之後可以通過以上的方法來進行補救,要爲身體補充大量的水分,多喫含有維生素和礦物質的食物,不能有太大的心理負擔。 推薦閱讀:@男同胞們,這 8 條健康忠告,千萬別不當回事！"
爲什麼作者在生病後開始更加認真地對待自己的飲食和健康？,"根據原文“生病的好處就是自己越來越惜命,也就不再偷說不喫了,也不會說隨便喫一點兒吧,反倒是一日三餐都很認真的去做,去準備,買菜的時候也非常認真。”可知，作者在生病後更加認真對待飲食和健康是因爲生病讓他更加珍惜生命，並且開始認真對待自己的飲食和健康。",69878,健康,"豬身上便宜又好喫的部位,煮湯越喝越香,是最好的食補食材","一直持續高溫,完全沒感覺快要立秋了。每天在廚房跟空調房之間來回穿梭,導致熱傷風一直沒好利索。生病的好處就是自己越來越惜命,也就不再偷說不喫了,也不會說隨便喫一點兒吧,反倒是一日三餐都很認真的去做,去準備,買菜的時候也非常認真。甚至會離開空調房想着去外面散步流汗讓身體舒服起來了。不過,說實話,感冒了這味口真的不是下降了一點點兒,唉。就這樣,一個星期下來,體重開始7字開頭了。不開玩笑,上一次7開頭的體重還是茹寶喝母乳的時候,如今她都已經9歲了,再次瘦到這個數字,我也是對自己很服氣！【豬肝湯】主要食材:平菇,豬肝,青菜。1,平菇買回來之後,用手撕成細一點兒的長條之後,用鹽水泡一會,再次洗淨之後用手輕輕捏出裏面的水分。不粘鍋放油之後下平菇翻炒至它變軟水分開始出來爲止。2,豬肝買回來之後切薄片之後用鹽水泡出裏面的血水。清洗乾淨之後倒入澱粉或者麪粉,反正這兩種吸附能力都挺厲害的。再次洗淨之後,平菇炒好之後可以倒入清洗乾淨的豬肝一起翻炒至豬肝變色。3,平菇和豬肝都炒好之後,一次性加入足量的水燒開,轉小火然後放入青菜關水,讓餘溫燙熟青菜,加鹽提味,滴幾滴麻油出鍋裝盤即可食用了。平菇呢平菇含有的多種維生素及礦物質可以改善人體新陳代謝、增強體質、調節植物神經功能等作用,故可作爲體弱病人的營養品,對肝炎、慢性胃炎、胃和十二指腸潰瘍、軟骨病、高血壓等都有療效,對降低血膽固醇和防治尿道結石也有一定效果。所以多食對身體非常有好處呢！雖然自己不愛喫,但是家裏人都喜歡喫嘛！至於豬肝呢,雖然大家一直擔心它太髒了是否能食用。畢竟豬肝是豬體內最大的毒物中轉站解毒器官,各種有毒的代謝產物和混入食料中的某些有毒物質如農藥等,都會聚集在肝臟中,所以豬肝食前要去毒。不過呢肝臟是動物體內儲存養料和解毒的重要器官,含有豐富的營養物質,是最理想的補血佳品之一,具有補肝明目、養血、營養保健等作用,可用於治療血虛萎黃、夜盲、目赤、浮腫、腳氣等症。 胃和心,總要有一個是滿的。所以,全世界的迷茫和憂傷都可以用美食去抵擋！更多家常美食做法,請關注典典小廚,公衆號:典典小廚。歡迎一併關注。喜歡我的家常美食分享就請點贊、收藏、評論、再順手轉發一下吧！當然如果您有更好的做法,歡迎留言跟大家一起分享。 特別聲明:以上文章內容僅代表作者本人觀點,不代表新浪網觀點或立場。如有關於作品內容、版權或其它問題請於作品發表後的30日內與新浪網聯繫。"
哪些食物可能會有致癌的風險？,"根據原文“以下這4種食物全扔了也不要喫一口,常喫還有致癌的風險”可知，過白的麪食、罐頭類食品、精肉餡和隔夜菜都可能存在致癌的風險。",64341,健康,"生病全是自找的,以下4種食物全扔了也不喫,有致癌風險","醫生通知大家,有病全是自己喫出來的,俗話說,管住嘴,邁開腿,不僅不會發胖,還能更健康,以下這4種食物全扔了也不要喫一口,常喫還有致癌的風險。 過白的麪食 饅頭幾乎每天都要喫,現在一般都是買着饅頭喫,很少有人自己蒸了,但是購買的時候要注意,一些太白太好喫的饅頭就要小心了,很可能添加了增白劑,經常喫會傷害健康的,甚至還有致癌的風險。 罐頭類食品 這類食品雖然好喫,但是防腐劑卻有點多,要多加小心,喫了會損害健康,而且食品中的營養也大大降低。 精肉餡 這類食品最不安全的地方就是機器清洗不乾淨有細菌,還有就是可能是昨天的地、剩肉。 隔夜菜 隔夜菜因爲會產生大量的亞硝酸鹽,這是一種很強的致癌物,它是誘發胃癌的危險因素之一,隔夜的飯菜受到細菌污染,會大量繁殖,很容易引發胃腸炎,食物中毒。 這些你有喫過嗎？"
男醫生爲什麼會偷偷喫一些特定的食物？,"根據原文“男醫生由於工作緊張繁忙,有時拋不下醫患去及時排尿,就會形成憋尿的習慣,這樣也非常容易導致前列腺炎症的發生”，男醫生很容易因爲長時間坐着和憋尿而導致前列腺炎症的發生。因此他們會偷偷地喫一些預防前列腺炎的食物來保護自己的健康。",76574,健康,"男醫生都偷偷喫,前列腺炎症""福星"",滋養前列腺,助你遠離炎症","前列腺炎是泌尿外科中非常常見的一種疾病,男人們其實是非常害怕的,當然也包括了男醫生們。由於工作的需要,男醫生需要經常的久坐,這樣長時間""坐""在前列腺上,會對其產生一種無菌性的""壓迫性炎症"",而出現尿頻、尿急、尿道灼熱等膀胱刺激,並且男醫生由於工作緊張繁忙,有時拋不下醫患去及時排尿,就會形成憋尿的習慣,這樣也非常容易導致前列腺炎症的發生,所以男醫生日常生活也比較重視前列腺的養護,他們會通過一些食療的方式來養護自己的前列腺,日常會偷偷的喫以下的一些食物,我們一起來看看吧。 男醫生都偷偷喫,前列腺炎症""福星"",滋養前列腺,助你遠離炎症 1.南瓜子 南瓜子是公認的預防前列腺炎的理想食物,因爲前列腺的分泌激素功能要依靠脂肪酸,而南瓜子就富含脂肪酸,長期沒事的時候喫一點生南瓜子可使前列腺保持良好功能。 2.綠豆湯 把綠豆熬成粥,待到冷卻後食用,可緩解前列腺炎症排尿澀痛的症狀。綠豆有很好的利尿作用,喝綠豆湯的時候等於就是在補充水分,這樣可以將細菌毒素沖淡,在排尿的過程中,一同將細菌也排出體外,從而達到養護前列腺的作用。 3.金銀花 金銀花味甘性寒,有良好的清涼解毒、通絡活血、抗炎消腫功效。經常用金銀花水飲用,能很好的消除前列腺炎症。也可以把金銀花、野菊花和生甘草加水煎煮,代茶飲用即可,每天1劑,每天3次,效果更佳。 4.蜂蜜 男性如果經常性食用蜂蜜,能在一定程度上預防前列腺炎,可以經常飲用蜂蜜水,或者使用蜂蜜做一些拔絲香蕉,拔絲蘋果之類的食物來喫,不過蜂蜜的成分比較複雜,不宜大量長期喝。 5.石榴汁 石榴具有強抗氧化和消炎的作用,可以使人體健康的細胞免受自由基的破壞,將石榴榨汁,更有利於人體的吸收。並且石榴中含有非常強大的化學劑抵制癌症,尤其是前列腺癌,能有效遏制前列腺腫瘤的發生。 6.槐花 槐花開,如雪似蝶徘。槐花可以做各種各樣的湯、拌菜、燜飯等。槐花中富槐花內含有豐富的多種礦物元素和維生素,可以起到清熱解毒,化溼利水,起到抑制炎症的作用,男人常喫對前列腺炎症的預防非常有好處。 前列腺炎,其實是靠養好的,所以患上前列腺炎症的男性朋友一定不要着急,也不要覺得害羞,一定要及時就醫,長期不去醫院就診才導致了小病變成了大病。 祝你健康！"
爲什麼夏季容易引發腎結石病發作？,"根據原文“夏季天氣炎熱,人體出汗多,血液濃縮,容易導致脫水,從而引發結石病的突然發作”。因爲夏季天氣炎熱，人體出汗多，血液濃縮，容易導致脫水，從而引發腎結石病的突然發作。",87781,健康,"疼到懷疑人生,原是雙腎結石所致","本報長沙訊 近日,38歲的劉女士因腎結石發作住進了醫院,經過採取無創保腎取石手術,目前劉女士體內的結石已取出乾淨,術後三天便可出院。 在長沙南湖醫院結石中心病房,劉女士回憶起腎結石發作時仍心有餘悸,發作時疼得打滾,臉色蒼白、渾身冒虛汗,""真的比我生孩子還痛""。 深感這次結石病發作時的痛苦,劉女士決定立馬前往醫院就診,經過取石手術,劉女士目前已無大礙。 醫生提醒,夏季天氣炎熱,人體出汗多,血液濃縮,容易導致脫水,從而引發結石病的突然發作。當人體內的結石到達輸尿管後,引起的疼痛擴散,從而引起一系列其他的症狀,嘔吐、腹瀉等。綜合痛苦指數相當高,比之女人分娩時的疼痛有過之而無不及。臨牀上有的病人結石發作起來,連止痛藥都止不住,因此,一旦市民發現患有結石病,最好及時治療,避免突發情況。"
什麼是白癜風引起的症狀？,"根據原文“白癜風的局部尤其是容易暴露的部位和容易受到摩擦的部位比較容易得到白癜風的患發,在局部會有一到幾塊不同的白色斑點。”可知，白癜風引起的症狀是在身體局部出現一到幾塊不同的白色斑點。",19282,健康,白癜風引起原因有哪些?出現什麼樣的症狀是白癜風,"說到白癜風這種皮膚病相信大家都不陌生,這幾年白癜風的發病是一年比一年高,白癜風所造成的危害和影響也越來越大。因爲白癜風一直是在發展的,所以症狀也在變化,那麼,白癜風的引起原因有哪些？出現什麼樣的症狀是白癜風？一、遺傳因素臨牀研究得出白癜風疾病是存在一定的遺傳性的,不用多說大家也知道白斑的出現是受到患者家族的遺傳因素的,相比於其他原因的白癜風來說遺傳所導致的白癜風出現的危害性更大。不過一般情況下由遺傳引起的白癜風不是很多,但並不是與每位患者都有關係的。根據調查結果指出,患者親屬中白癜風發病率約在2%左右。二、自體免疫因素白癜風的發生與自體免疫因素是也有一定的關係,大家如果在身體方面出現問題一定會引起一系列疾病的發生,所以大家在平日裏一定要加強身體鍛鍊,避免白癜風的發生。三、分泌代謝因素要想有一個健康的身體分泌代謝是少不了的,很多疾病的發生都與患者自身的分泌代謝有直接關係的,白癜風也不例外,這一點大家要知道。無論是精神刺激,還是不適當地使用性激素或其它疾病引起的內分泌紊亂都很可能導致患白癜風。出現什麼樣的症狀是白癜風？白癜風是比較常見的一種皮膚性疾病,很可能的會發生在我們每一個人的身上,更多的情況下,我們是毫無防備的情況下被白癜風悄無聲息的寢室的。因爲在白癜風的前期,很少的人才能夠發現並聯想到白癜風的症狀,一方面是白癜風症狀的知識並不普及,另一方是白癜風的宣傳教育很受到限制而且白癜風並不會直接危害到人們的生命安全,但是對外表的影響總是非常巨大的。很多的人因此患上了嚴重的抑鬱症,使自己與世界隔開的心理的病態情況,因此白癜風是我們不可忽視的一種皮膚性疾病。在日常生活當中,白癜風由於給人們造成的巨大的困擾纔給我們帶來嚴重的傷害的。因爲白癜風嚴重影響着我們的生活和心情。而且往往白癜風的治療都是在白癜風前期纔是很好的治癒的時期。在白癜風的前期症狀當中,有幾個明顯的特徵可能大家都會耳熟能詳。白癜風的局部尤其是容易暴露的部位和容易受到摩擦的部位比較容易得到白癜風的患發,在局部會有一到幾塊不同的白色斑點。生活中可誘發白癜風的因素有很多,大家爲了自己的身體健康一定要有針對性的加以防範,只有這樣才能夠大大降低白癜風的發病幾率。患者在發現相關症狀後一定要及時去確診自己的病情,以免耽誤治療,另外患上白癜風的患者應該用良好積極的心態對待白癜風疾病,對治療有信心,只有生理和心理雙重健康發展,病情才能早日康復。【我的診室】瞭解更多網頁鏈接 特別聲明:以上文章內容僅代表作者本人觀點,不代表新浪網觀點或立場。如有關於作品內容、版權或其它問題請於作品發表後的30日內與新浪網聯繫。"
網上所謂的“負能量食物”真的存在嗎？,根據原文“真正的負能量食物並不存在”。網上推薦的所謂“負能量食物”大多是一些能量低、富含膳食纖維的植物性食物，這些食物確實對減肥有好處，但要說能越喫越瘦，那實在是胡說八道。,8325,健康,真的存在越喫越瘦的負能量食物?,"這幾年,網上盛傳一種說法:有一種負能量食物(negative calorie foods),喫了不僅不會給*增加能量儲備,反而會消耗能量,越喫越瘦。有的網站甚至還列出了食譜,包括蘋果、芹菜、羽衣甘藍、番木瓜和生菜等25種食物。 什麼是「負能量食物」 食物會給我們提供能量,但我們在進食過程中也要消耗一些能量,如咀嚼、吞嚥、消化吸收等。如果消化某種食物所消耗的能量大於食物所提供的能量,那麼就可以稱這種食物爲「負能量食物」。 真的有「負能量食物」嗎？ 這個理論看上去無懈可擊,邊喫邊減肥的確是吸引人。不過遺憾的是,真正的負能量食物並不存在。 網絡上推薦的大多是一些能量低、富含膳食纖維的植物性食物,這些食物確實對減肥有好處。因爲它們所含的卡路里少,你可以用這些食物代替那些高卡路里的食物。但是要說能越喫越瘦,那實在是胡說八道。 食物消化需要消耗多少能量？ 我們的一舉一動,大到跑步、游泳,小到站立、眨眼都是要消耗能量的,喫飯也不例外。食物中提供能量的三大營養素,即蛋白質、碳水化合物和脂肪,都是以大分子形式存在,*並不能直接吸收利用,必須分解成小分子才能消化吸收。 比如喫一個漢堡,要先用牙齒咀嚼成較小的形狀進入食道,進而進入消化系統,在消化系統裏會有各種酶將這些細小的食物顆粒進一步分解成更小的分子,如,將澱粉分解成單糖、將甘油三酯分解成甘油一酯和脂肪酸、將蛋白質分解成氨基酸等,然後再完成消化吸收等過程。 這些過程所引起的額外能量消耗就是食物熱效應。細心的人會發現,喫完飯後會有發熱的感覺,這就是食物熱效應的外在表現通常爲*散熱的增加,一般在人們進食1個小時候左右產生,大約3個小時後達到最高峯。 根據「負能量食物」的定義,要判定一種食物是不是負能量食物,就要看它的食物熱效應究竟有多大,會不會大於它本身所能提供的能量。 但文獻檢索後會發現,幾乎沒有任何關於「負能量食物」的學術文章,「負能量食物」的說法更多的只是出現在網絡論壇、商業網站或者博客上。 總之,負能量食物是忽悠你的,不過用這些所謂的""負能量食物""替換你現在的飲食,確實對你的減肥大計有幫助。"
神經衰弱有哪些常見類型？,根據原文“神經衰弱有哪些常見類型？”可知，神經衰弱有興奮型、憂鬱型、衰弱型、混合型和衰弱抑制型這幾種常見類型。興奮型主要表現爲睡眠障礙和情緒緊張，憂鬱型則表現爲消沉和多慮，衰弱型則表現爲睏倦和精神萎靡不振，混合型爲興奮型和憂鬱型表現之和，而衰弱抑制型則表現爲睡眠增多和深度睡眠後仍然精神萎靡。,15759,健康,神經衰弱有哪些常見類型_尋醫問藥網精神心理科頻道,"相信大家都知道,現在生活中節奏是非常快的,因此給人們帶來的壓力也是非常大的,長時間的壓力過大,也會導致大家容易出現精神疾病,精神衰弱就是其中的一種,這種疾病類型是很多的,所以大家要針對性的治療,那麼神經衰弱有哪些常見類型？ 1、興奮型 這類神經衰弱臨牀表現最明顯的就是睡眠障礙症狀,如入睡困難、早醒、醒後難以入睡等。並且,患者的自制力減弱、脾氣暴躁、不能剋制,時候又覺後悔,常常落淚不止。常會出現無任何原因的心情緊張、心慌意亂,遇到小小的意外則忐忑不安,心跳加劇。 2、憂鬱型 此類神經衰弱臨牀表現的特點是思想憂鬱消沉、對外界不感興趣,多憂多慮,遇到問題喜歡鑽牛角尖。睡眠障礙以早醒爲主；植物神經系統障礙已怕冷、皮膚髮涼、出冷汗、不思飲食等。 3、衰弱型 此類神經衰弱臨牀表現爲睡眠多、睡眠質量不高、多夢,導致白天睏倦,精神萎靡不振,反應遲鈍,情緒低沉,對任何事情都不感興趣。並且,患者多性格孤僻,記憶力很差,思維能力低下,還常有食慾不振、性慾減退的表現。 4、混合型 此類神經衰弱臨牀表現是興奮型和憂鬱型表現之和。因爲隨着病情的發展,如果不加以治療的話,興奮型和憂鬱型可以相互轉化,兩種症狀兼有者就稱爲混合型。 5、衰弱抑制型 此類神經衰弱臨牀表現與衰弱型基本相同,睡眠不但增多,而且睡得較深,但醒後仍然頭昏不清,精神萎靡,甚至白天嗜睡。稍用腦力,就感頭昏、頭脹、頭麻,處理問題能力很差。 閱讀完了以上文章內容之後,大家應該對神經衰弱這種疾病的類型都有了更多瞭解,希望大家瞭解到神經衰弱這種疾病的類型以後,能夠針對性的進行治療,祝大家都能夠早日恢復健康,遠離這種疾病的傷害。"
秋季飲食應該如何調整？,"根據原文“在日常飲食中可多喫滋陰潤燥的食物。因爲秋季氣候乾燥,很容易傷及肺陰,使人患鼻幹喉痛、咳嗽胸痛等呼 吸疾病,所以飲食應注意養肺。不妨多喫些滋陰潤燥的食物,如銀耳、甘蔗、燕窩、梨、芝麻、藕、菠菜、鱉肉、烏骨雞、豬肺、豆漿、飴糖、鴨蛋、蜂蜜、龜肉、橄 欖。多食芝麻、核桃、糯米、蜂蜜、甘蔗等。另外,酸性食物也可在秋季適當多補充些,以補肝氣,如:蘋果、石榴、葡萄、芒果、櫻桃、柚子、檸檬、山楂、番茄、荸薺等。如蘋果、橘子、山楂、獼猴桃等,可收斂肺氣”。秋季飲食應該多喫滋陰潤燥的食物，如銀耳、甘蔗、燕窩、梨、芝麻等，同時適量食用酸性食物以補肝氣。",27160,健康,立秋後該怎麼喫美食 飲食上喫這些要注意,"立秋後該怎麼喫？飲食上要一定要注意這三點 [摘要]立秋以後,氣溫會隨着時間的推移,慢慢由熱轉涼,但初秋還不是特別涼快,仍然感受的到夏天的燥熱。立秋後人體的消耗會逐漸減少,這時人們的食慾會開始增加。因此,我們在日常生活中,也要根據秋季的特點來科學地攝取營養和調整飲食,以補充夏季的消耗,併爲冬季做準備。 立秋以後,氣溫會隨着時間的推移,慢慢由熱轉涼,但初秋還不是特別涼快,仍然感受的到夏天的燥熱。立秋後人體的消耗會逐漸減少,這時人們的食慾會開始增加。因此,我們在日常生活中,也要根據秋季的特點來科學地攝取營養和調整飲食,以補充夏季的消耗,併爲冬季做準備。 在入秋以後,飲食上要增酸、並多喫滋陰潤燥的食物。另外秋季空氣中溼度小,皮膚容易乾燥。因此,在整個秋季還應重視機體水分和維生素的攝入。調理好身體,才能在冬季到來時,減少病毒感染和防止舊病復發。 那麼,在立秋以後,在飲食上要注意哪些食物不能多喫呢？ 1、避免喫太多高蛋白食品 經過一個夏天炎熱的天氣,立秋之後,很多""苦夏""或在夏天裏食慾比較差的人食慾逐漸好轉。不過此時人的腸胃功能較弱,還沒有調理過來,如果喫太多的肉類等高蛋白食品,會增加腸胃負擔,影響胃腸功能。因此喫肉要適當,最好等到天真正涼下來以後,再多增加肉食。 2、少喫辛辣刺激的食物 秋天到了,對於辛辣刺激性的食物要少喫,這類食物易生燥熱,這點與夏天不同,夏天喫些辛辣刺激的食物,有助於把體內的溼氣排出體外,然而秋天則會加重體內燥熱,對身體傷害極大。因此像大蒜、蔥、生薑等辛辣食物要避免少喫。另外,生冷寒涼等刺激性食物,會影響腸胃和身體的代謝機能,也應減少食用。 3、少喫喫油膩、煎炸的食物 油膩煎炸、燒烤類的食物,都不易消化,如果秋天經常食用,食物會積聚在腸胃中,加重胃熱,體內乾燥缺水的狀態會更嚴重,而且還會讓很多的慢性呼吸系統疾病復發或者加重。因此像肥肉、炸雞、燒烤,秋天要儘量少喫。 到了秋季,我們在日常飲食中可多喫滋陰潤燥的食物。因爲秋季氣候乾燥,很容易傷及肺陰,使人患鼻幹喉痛、咳嗽胸痛等呼 吸疾病,所以飲食應注意養肺。不妨多喫些滋陰潤燥的食物,如銀耳、甘蔗、燕窩、梨、芝麻、藕、菠菜、鱉肉、烏骨雞、豬肺、豆漿、飴糖、鴨蛋、蜂蜜、龜肉、橄 欖。多食芝麻、核桃、糯米、蜂蜜、甘蔗等。 另外,酸性食物也可在秋季適當多補充些,以補肝氣,如:蘋果、石榴、葡萄、芒果、櫻桃、柚子、檸檬、山楂、番茄、荸薺等。如蘋果、橘子、山楂、獼猴桃等,可收斂肺氣。 立秋之後光照時間逐漸變短,人體容易產生抑鬱之情,而乾燥的天氣以及氣溫變化,也會給人帶來一定的影響,因此需要有意識地保持從容、平和的心態和情緒,並且在飲食上做好調整,以更好適應秋季並迎接冬季。"
糖尿病患者如何進行合理運動？,"根據原文“運動對於糖尿病患者的身體健康獲益是多方面的,合理的運動有助於改善血糖代謝能力,促進骨骼肌對於葡萄糖的利用,改善胰島素抵抗,控制體重”，糖尿病患者應儘早進行運動干預，注意個性化因人而異，選擇有氧運動並結合抗阻運動，堅持每天或至少一週5次以上的運動，並在運動期間注意避免低血糖引起的安全問題。",64808,健康,"糖尿病患者如何運動?醫生:記住這4個原則,有效輔助控血糖","到目前爲止,糖尿病雖然還無法治癒,但對於有糖尿病問題的朋友來說,如果能夠正確的認識自身的糖尿病問題,做好生活調理和合理用藥,控制好血糖水平,糖尿病患者一樣可以長壽而且活的精彩,我身邊這樣的例子就並不少見。在糖尿病患者的血糖控制手段中,運動是非常重要的一個方面,今天我們不談飲食,不談用藥,來簡單介紹下糖尿病人運動的那些事兒。 運動對於糖尿病患者的身體健康獲益是多方面的,合理的運動有助於改善血糖代謝能力,促進骨骼肌對於葡萄糖的利用,改善胰島素抵抗,控制體重,這些方面都是輔助降低血糖的重要方面,另外,運動對於糖尿病合併高血壓、高血脂、高尿酸等慢病問題的情況,也有一定的輔助調節降低作用,另外,運動鍛鍊能夠增強心肺功能,對於減少糖尿病等慢病帶來的心血管疾病風險,也有很大的補益作用。因此,對於糖尿病患者強調加強運動,其獲益並不僅僅是輔助降血糖,而是全方位的身體健康保護。 運動對糖尿病患者有這麼多好處,那麼到底應該如何運動纔是""合理運動""呢？其實說起來也沒有那麼複雜,簡單總結起來就是這麼4點- 儘早干預因人而異堅持不懈注意安全 如何做？我們具體一條條來解釋。 糖尿病患者運動干預要儘早 實際上,不必等到確診爲糖尿病的時候,再開始運動鍛鍊,如果您還沒有確診爲糖尿病,但已經出現了空腹血糖受損或糖耐量異常等這樣糖尿病前期的情況,如果您原來是沒有運動鍛鍊習慣的,就不妨儘早的開始運動鍛鍊。合理的運動鍛鍊,能夠有效的改善糖尿病前期的這些血糖異常情況,延緩糖尿病的發生發展。 糖尿病人運動,要注意個性化,因人而異 糖尿病人運動的目的是什麼,當然是輔助加強血糖控制,身體健康能夠有所獲益,因此,選擇什麼運動,如何運動,運動強度如何控制,就要因人而異了。舉個例子來說,一個40歲的新發糖尿病患者,和一個70歲的老年糖尿病患者,其運動強度的選擇上,就可以有較大的差異,40歲的朋友,身體條件如果還不錯,糖尿病問題也是輕度的,不妨選擇運動量大一點,充分的做到""喫動""平衡,對於輕度的糖尿病患者,通過加強運動和飲食控制,不喫藥就把血糖控制下來,也是完全可能的；而如果是70歲的老年糖尿病朋友,結合自身情況,運動強度上就要注意控制好了,通常說來,在心臟能夠承受的前提下,控制活動時的最大心率在130左右就很好了,沒有必要強行去進行一些強度太高的運動,太高強度的運動會讓心血管承受過大壓力,引發心腦血管風險。 另外需要指出的是,對於肥胖型的糖尿病患者,不妨注意在喫動平衡上更多的注意一些,在保證身體能量供應的前提下,均衡營養少喫點,加強運動多運動,這樣做下來,改善了肥胖,體重降下來,胰島素抵抗等方面的問題也會大大改善。 運動方式方面,糖尿病患者運動還是建議選擇有氧運動,快步走,慢跑,游泳,太極拳,騎行等,都是不錯的運動方式,除了有氧運動外,也可以進行一些簡單的抗阻運動(如舉啞鈴等),研究發現,有氧運動結合抗阻運動,對血糖的調節效果更好。 糖尿病患者,堅持運動很重要 想起來就活動活動,想不起來就繼續懶惰,三天打魚,兩天曬網,這樣的運動方式對於降血糖是沒什麼太大效果的。有研究發現,對於運動鍛鍊輔助降低血糖的效果來說,一旦運動中斷超過2天以上,運動對於血糖的調節控制效果就會基本消失。因此,對於糖尿病患者來說,如果能夠每天堅持運動鍛鍊是最好的,如果做不到,也建議一週至少進行5次以上,每次不少於30分鐘的運動鍛鍊。只有長期堅持,我們的身體才能獲得持續的獲益,運動對於血糖的輔助控制作用才能明確顯現。 糖尿病患者,運動期間要注意安全 糖尿病患者要合理運動,但也要注意規避風險。糖尿病患者除了有血糖升高,引起身體各種併發症的風險,由於血糖調節能力的減弱,糖尿病人也更容易出現低血糖的風險,因此,糖尿病患者在運動時,也要更多的注意避免低血糖引起的相關安全性問題。在糖尿病人開始運動前,不妨先做一個合理的醫學評估和身體運動能力評估,同時也要對血糖做好監測,血糖過高(空腹血糖超過16.7),血糖波動大,有嚴重心血管疾病,嚴重腎病,合併急性感染,酮症酸中毒等問題的情況,在這些問題無法得到糾正或糾正前,都是應該避免運動的。 在運動時間選擇上,應該儘量避免空腹運動,通常建議在餐後1小時左右運動鍛鍊,是較好的選擇；另外對於運動時,不妨在隨身攜帶幾塊糖,如果一旦出現頭暈,心悸等低血糖症狀；最好不要在人煙稀少的地方進行運動鍛鍊,或儘量的結伴進行鍛鍊,這樣在出現運動低血糖時,更有利於得到救助。"
經常吸菸的人出現記憶力下降可能是什麼原因？,"根據原文“吸菸會讓血液中的氧氣含量減少,導致血管收縮,血液因此會變得粘稠。所以吸菸的人,如果發現自己記憶力下降,就說明血液變得粘稠可能導致心腦血管受到了傷害,進而腦部受損”可知，記憶力下降可能是因爲吸菸導致血液粘稠，引發心腦血管受損，進而影響腦部功能，導致記憶力下降。",36995,健康,"經常吸菸的人,如果出現這3種情況,是身體在催你戒菸,你知道嗎","吸菸,對於很多男性朋友來說,是緩解壓力的一種方式,甚至現在有一部分女性也開始通過吸菸解壓。但是我們都知道,吸菸有害健康,長期吸菸會傷害肺部。所以,經常吸菸的人,一旦身體出現了這3個症狀,別輕視,也許是身體在催你戒菸。 1.記憶力下降 吸菸會讓血液中的氧氣含量減少,導致血管收縮,血液因此會變得粘稠。所以吸菸的人,如果發現自己記憶力下降,就說明血液變得粘稠可能導致心腦血管受到了傷害,進而腦部受損,這纔會出現記憶力下降的情況。另外吸菸時香菸中的有害物質也會進入大腦,同樣給大腦造成損傷,除了記憶力下降的症狀,若還伴隨腦袋昏沉、精神委靡、注意力不集中等症狀,可能大腦已經受損嚴重。這個時候一定要戒菸,這樣才能預防身體出現腦梗、腦出血、心肌梗死等重大疾病！ 2.咳嗽、乾嘔 如果一個經常吸菸的人出現了長期咳嗽或者乾嘔、噁心等症狀,那就有可能是呼吸系統受到了傷害,而這種傷害多半是吸菸導致的。長期吸菸,大量煙毒刺激肺部,就讓人一直咳嗽。長期咳嗽也許是身體還存在慢性咽炎或者支氣管炎的問題,如果不及時戒菸,很有可能讓肺部發生病變,那時咳嗽可能還會咳痰帶血。 3.肩背疼痛 人們經常會出現腰背疼痛的問題,大部分人都會認爲是因爲自己沒有休息好或者身體太過勞累所致。但有可能是長期吸菸導致肺部發生了病變,進而牽扯到了肩背部位,產生疼痛感。所以如果出現了這樣的問題,除了要戒菸之外,最好還去醫院檢查一下肺部功能。 身體如果出現了上面這3種情況,很可能是身體在告訴你要戒菸了,但是第3種你也許沒有重視。"
爲什麼這位美女願意將最後一搏的機會託付給王院長？,"根據原文“美女兩次雙眼皮手術經歷,一次不滿意又進行了二次修復,然而第二次的修復卻成了再一次的破壞,雙眼皮寬而深,肉條感明顯,閉眼可見很深的疤痕”，可知這位美女對之前的雙眼皮手術經歷非常不滿意，雙眼皮寬而深，疤痕明顯，因此願意將最後一搏的機會託付給王院長，希望能得到滿意的修復結果。",104526,健康,"美女兩次雙眼皮手術經歷,一次不滿意又進行了二次修復...","美女兩次雙眼皮手術經歷,一次不滿意又進行了二次修復... 美女兩次雙眼皮手術經歷,一次不滿意又進行了二次修復,然而第二次的修復卻成了再一次的破壞,雙眼皮寬而深,肉條感明顯,閉眼可見很深的疤痕......這樣拙劣技術打造出來的雙眼皮給她帶來了深深的困擾,她是怎麼了解到王院長,爲何願意將這最後一搏的機會託付給王院長的呢？我們下條揭曉。"
如何利用揉腿肚來瘦小腿肌肉？,"根據原文“揉腿肚首先將兩隻腿平放在牀上,然後把腿肚放在兩手掌之間夾住,螺旋揉動,每側大約揉動二十五次左右,然後一共做上這樣的五個二十五次左右的時間。”可知，揉腿肚的方法是將兩隻腿平放在牀上，然後用兩手掌夾住小腿肚進行螺旋揉動。每側揉動25次左右，一共做5組左右的時間。",77060,健康,肌肉型小腿怎麼減 教你快速瘦腿方法,"據說肌肉型小腿是最難瘦下來的類型,無論是運動還是節食,粗壯的小腿永遠無動於衷,被評爲最令人絕望的""瘦不下來""的身體部位！但是,只要掌握對的方法,想要瘦下來也不是不可能的。下面就教你小腿肌肉應怎麼減。跳繩有研究表明,不間斷地跳繩10分鐘相當於慢跑30分鐘。同時跳繩對心肺系統都有一定的鍛鍊作用。跳繩是一種低成本,高耗能的運動。但是剛開始練習跳繩時可以中途休息一會,但是休息的時間不能太長,否則會影響鍛鍊效果。長時間堅持鍛鍊,雙腿會變得緊緻哦。乾洗腿用兩隻手抱着一側大腿,然後在用力從大腿根部逐漸向下按摩,直到按摩到腳腕部,然後再從下往上按摩,按照原路返回,這樣來回按摩十幾遍,每次的時間持續上二十分鐘左右就好,這樣不僅能達到瘦腿的效果好能預防下肢靜脈曲張、水腫、肌肉萎縮。揉腿肚首先將兩隻腿平放在牀上,然後把腿肚放在兩手掌之間夾住,螺旋揉動,每側大約揉動二十五次左右,然後一共做上這樣的五個二十五次左右的時間。這樣可以促進下肢肌肉中血液的迴流,增強腿部肌肉力量。分節運動準備姿勢:兩腳合併,膝蓋微微向着天花板隆起,兩腳掌貼地,兩手握球位於胸部上方。吸氣的同時,下巴向着胸部的位置移動,同時雙手也慢慢把球向膝蓋方向移動,上半身慢慢起來。 呼氣的同時,球持續地沿着腿部線條移動,直至移動到腳背位置,上半身隨球的移動慢慢升起,脊椎形成彎曲的曲線。吸氣的同時,從腰部下端開始慢慢向後傾斜,直到背部挺立；同時,雙手握球沿着小腿的線條移動,直到球體位於膝蓋上方。 呼氣的同時,從腰部下端開始慢慢地向後傾斜下去,直到背部貼在墊子上；雙手握球隨着大腿的線條往下滑,直到恢復準備姿勢。拉筋法腿部肌肉緊實、小腿粗壯的mm經常做這組拉筋運動,可以通過對韌帶的練習達到拉伸腿部線條、修長小腿的功效。坐在地上或瑜珈墊上,雙手往前延伸抓着腳趾。兩手的手指抓住右腳的腳底,讓右腳慢慢地抬高。柔軟度不好的人,可以將手部抓在腳踝或是小腿的地方,讓你做起來較輕鬆。將下巴往天花板抬高挺胸吸氣。拍打放鬆肌肉法肌肉緊繃的小腿通常不容易變瘦,所以運動前後的首要步驟,是要打松結實的小腿肉肉。方法很簡單,坐在平面上,把腳自然彎曲成90度,手握空心拳敲打小腿肌肉的地方,兩腿輪換着敲,由上至下拍打小腿兩側和後側。這個拍打動作還也可以睡前進行,每次不少於200下,能有效促進循環,幫助放鬆緊張的小腿肌肉,減輕浮腫。做高抬腿運動每天起牀後,可以在客廳或房間做五組高抬腿運動,每組一分鐘,每做完一組可以休息一會。高抬腿是一種很好 的瘦大腿運動,它很好地運動到大腿上的肌肉,促進腿部脂肪的燃燒。愛美的mm們,不想大象腿一直跟着你,想穿上短裙,那每天起牀就讓我們大腿運動一下,讓自己擁有纖細修長的美腿吧！飯後站一會或散步喫完飯可別直接坐着不動,這樣會讓你的脂肪積累到你大腿和臀部的。去洗洗碗,收拾一下廚房很不錯,這樣可 以讓你站一會。你知道嗎？飯後站半個小時可以防止脂肪積累在你下半身。如果你有時間的話,可以飯後出去散個步。""飯後走一走,活到99"",出去走走看以運動到大腿的肌肉,消耗吸入的熱量,達到瘦大腿的目的,並且讓自己變得更加健康。 特別聲明:以上文章內容僅代表作者本人觀點,不代表新浪網觀點或立場。如有關於作品內容、版權或其它問題請於作品發表後的30日內與新浪網聯繫。"
肥胖男性是否需要關注前列腺癌的風險？,"根據原文“新的研究發現,大腹便便與大腿因脂肪堆積而有大象腿""雄姿""的男子與罹患惡性程度高的前列腺癌風險增加有關聯。”可知，肥胖男性需要關注前列腺癌的風險。",70142,健康,肥胖男注意了!腿粗腰圓或增加患致命性前列腺癌風險,"據外媒報道,社會上越來越常見的腦滿腸肥的""油膩男""可能要注意了,因爲新的研究發現,大腹便便與大腿因脂肪堆積而有大象腿""雄姿""的男子與罹患惡性程度高的前列腺癌風險增加有關聯。據報道,10日發表在《癌症》雜誌上的一項研究發現,腹部深層內臟脂肪和大腿皮下脂肪的堆積與一種惡性程度高且致命的前列腺癌關聯。該研究還對身體質量指數(bmi)和腰圍與前列腺癌類型之間的關係進行了觀察。主導這項研究的作者迪克曼(barbra dickerman)是哈佛公共衛生學院的研究員。她在新聞發佈中說:""有趣的是,當我們對有着高bmi和低bmi的男子分別進行觀察時,內臟脂肪與高惡性程度的前列腺癌間的關係會在較低bmi的男子中有更強的相關性。""研究人員在13年中用電腦斷層掃描對超過1800位男子的體脂分佈與其和前列腺癌之間的相關性進行了研究。該組男子中有172人最後罹患前列腺癌,有31人不治身亡。據聯邦疾病控防中心(cdc)披露,2016年死於前列腺癌的人數高達3萬。這是能獲得的最近的統計數據。研究人員說,通過調整飲食與鍛鍊以減少身體脂肪堆積或能減低罹患前列腺癌的風險。 特別聲明:以上文章內容僅代表作者本人觀點,不代表新浪網觀點或立場。如有關於作品內容、版權或其它問題請於作品發表後的30日內與新浪網聯繫。"
如何改善胃腸能力？,"根據原文“斷煙戒酒,保證足夠的睡眠,保證身心快樂,適度鍛鍊”可知，改善胃腸能力需要戒菸戒酒，保證充足的睡眠，保持身心愉快，適當進行鍛鍊。",57024,健康,胃病人羣的福音 中醫教你1招養胃,"生活中,通常大家都會認爲自己胃不好,有喫完飯肚子各種不適、胃酸、胃脹甚至胃痛等吸收不好的症狀。這該怎麼辦呢？ 怎樣養胃？ 很多能力性吸收不好的病人都很想擺脫各種不舒服的徵兆,希望能有一些""養胃""的方法。 從醫學上來說,能力性吸收不好醫治主要從舒緩症狀入手,改善病人生活水平。 1重視飲食 現在很多人,因爲工作太忙,顧不上喫飯,導致一日三餐總不按時,要麼直接喫零食,方便麪代替,到了晚上,又狂喫一頓,這樣真的很不好,要想胃好,最重要的是飲食要規律。飲食規律,這樣胃酸分泌纔可以規律,胃的敏感性恢復正常,症狀自然慢慢恢復。 2改善生活模式 斷煙戒酒,保證足夠的睡眠,保證身心快樂,適度鍛鍊,這些都有利於胃腸能力的恢復。 很多病人會問""什麼東西我無法喫？什麼東西可以喫？"" 中醫認爲,丁香葉具有溫中降逆、暖胃、去除胃寒的功效,研究發現,菊苣丁香茶葉中主要含有有機酸類、苷類、揮發油等有效成分,並且具有良好的抗菌、抗病毒、抗炎以及增強機體的體液免疫功能等藥理作用,對於胃炎、胃潰瘍形成的陳舊性病竈,有癒合平復的神奇作用。喝法也簡單,取菊苣,丁香,辣木葉,桑葉,玉竹製成菊苣丁香茶,取3--5克,開水沖泡,每日飯前或飯後半小時溫服即可,堅持喝上半個月,胃寒、胃炎、胃痛的症狀就會慢慢的得到改善。 而要根除幽門螺桿菌,除了普遍知道的三聯、四聯療法外,還有一個簡單的方法,就是用菊苣,丁香,辣木葉,桑葉,玉竹製成菊苣丁香茶,然後泡水喝。這是因爲菊苣丁香茶葉中含有丁香油和丁香酚,堅持長期飲用,可抑制幽門螺桿菌的活性,從而達到殺菌的作用。但不是一兩天就有效果,需要堅持喝,一天喝的量不用太大,3--5克菊苣丁香茶熱水沖泡喝一杯,每天堅持纔有用。 事實上,不同的人對食品品種、食品數量的敏感性是不同的,比如別人喫海鮮沒有不舒服,你喫一點就有反應。所以,能力性吸收不好的病人選擇飲食的原理應該是:只要適用自己的都可以喫！ 通常來說,一旦胃酸、胃部灼熱感比較顯著明顯,不要再亂喫東西,尤其是路邊燒烤,麻辣燙,各種炸雞炸薯條,以及零食等垃圾食物,這些對胃有很大刺激的食物,都要杜絕；一旦胃脹相對明顯,不易吸收的食品少喫,如糉子、年糕等糯米類食品,紅薯、土豆等澱粉密度高的食品,筍乾、芹菜等富含纖維素的食品。"
爲什麼蘆筍對腦供血不足有幫助？,"根據原文“蘆筍是一種對*很有幫助的蔬菜。在平時的時候適當喫一些蘆筍,能夠改善毛細血管,對於擴張冠狀動脈也是很有幫助的,從而避免血栓的出現,改善血液的微循環,避免血管硬化的發生,從而更好維持好身體的健康。”可知，蘆筍能夠改善毛細血管、擴張冠狀動脈以及改善血液的微循環，從而有助於避免腦供血不足。",35426,健康,"腦供血不足的人,多喫3種食物,軟化血管,腦梗或許繞道走!","腦供血不足給我們的身體帶來了傷害也是比較多的,生活當中有很多的人們都會出現腦供血不足的疾病,爲了保護我們的身體更加的健康,一定要多喫這三種食物,能夠達到一些軟化血管腦梗或者是一些疾病都會繞道走,到底是哪些食物呢？我們應該如何正確的飲食。 1、蘆筍 蘆筍是一種對*很有幫助的蔬菜。在平時的時候適當喫一些蘆筍,能夠改善毛細血管,對於擴張冠狀動脈也是很有幫助的,從而避免血栓的出現,改善血液的微循環,避免血管硬化的發生,從而更好維持好身體的健康。 2、大蒜 大蒜當中的維生素b1有着降低血脂、血壓的效果,對於腦部保養和促進體內的血液循環是非常好的。同時喫大蒜還能夠將更多的熱量提供給大腦,從而緩解腦部供血不足的情況。 3、葛根 葛根是一種非常常見的中藥,並且他還有着非常不錯的養生保健效果,在平時的時候可以通過食用葛根,能夠起到改善大腦供血不足的效果,並且對於促進大腦的血液流動也會不死非常好的。 按照正確的方法來解決我們身體當中的症狀,這些食物也是非常好的,所以多喫這三種食物能夠解決我們腦供血不足的症狀,保護我們的生命更加的健康的,平時的時候我們可以多喫一些,幫助我們的生活更加的完美,給我們的身體帶來非常好的效果和健康的狀態。"
爲什麼糖尿病患者容易出現小腿抽筋的問題？,"根據原文“當糖尿病患者血糖值過高時,會干擾到自己身體內的肌肉細胞中所蘊含的鈣離子的內部流失,這是造成抽筋的主要原因。”可知，糖尿病患者血糖高會導致肌肉細胞中鈣離子的流失，這是引起抽筋的主要原因之一。",101287,健康,腿老抽筋 這仨原因別忽視,"(解放軍東部戰區空軍醫院糖尿病足中心孫新娟)門診中,有不少糖尿病患者諮詢,他們的血糖並不是特別高,也不存在一些醫學上比較常見的併發症,但卻會頻繁出現小腿抽筋的問題,還伴隨着身體上的疼痛。 其實,這不僅與缺鈣有關,還與血糖、血管的通塞有關。 老人抽筋的常見類型有夜間抽筋,比如睡覺或者靜坐時,最常見的即老人小腿位置和腳趾部位的抽筋；疾病性抽筋,好發於器質性疾病或中風後遺症患者,多因先天性或神經損傷性疾病(癲癇、破傷風、產後痙病、小兒高熱驚厥等)導致肌肉失去支配,過度興奮。 預防抽筋,首先,一定要將血糖控制在正常水平。當糖尿病患者血糖值過高時,會干擾到自己身體內的肌肉細胞中所蘊含的鈣離子的內部流失,這是造成抽筋的主要原因。這也就要求糖尿病患者一定要根據自身的情況以及醫生的要求按時服藥,並且做一些適當的運動,比如太極拳等。 除了控制血糖之外,糖尿病患者可以在醫生和專業人士的指導之下,服用一些口服或者注射類的藥物；也可以增加一些營養神經的藥物,以達到疏通血管、緩解疼痛的目的,這樣會有助於患者緩解肌肉疼痛,降低抽筋的發生幾率。 糖尿病患者一般都會伴有不同程度的缺鈣問題,而這也是造成肢體抽筋的原因所在,所以,糖尿病患者可以在醫生的指導下適當地補充一些富含鈣元素的食物,還可以攝入一些維生素d3,以利於糖尿病患者自身對鈣元素的吸收。"
茄子是否能夠降低血脂？,"根據原文“茄子之所以能吸油,是因爲其疏鬆多孔的海綿結構,但是在經過口腔的嚼爛,和胃腸道的""磨合吸收""後,海綿結構已經被破壞,這時候的茄子不可能再吸收體內的油脂。所以,無論是生喫還是熟喫,茄子都不可能達到幫助人體排油降脂的效果。” 茄子並不能降低血脂。",56442,健康,"茄子降血脂?芹菜降血壓?這7個飲食誤區,別再信了!","健康科普,來看百科名醫！ 打開父母的朋友圈:""高血脂？喫茄子""；""高血壓？喫芹菜""；""胸圍不夠？來點兒木瓜""... 學醫的我無語了o__o ""...！ 如果蔬菜水果就可以治病的話,那要醫院幹什麼？ 先別急着回懟,我們來看一下專家怎麼說！  這些飲食謠言別信了 1.喫茄子能吸走體內油脂？ 炒菜時,發現茄子很吸油,那生喫茄子是不是可以吸走體內的油脂,達到降血脂、降膽固醇、幫助減肥的目的呢？ 不能！ 茄子之所以能吸油,是因爲其疏鬆多孔的海綿結構,但是在經過口腔的嚼爛,和胃腸道的""磨合吸收""後,海綿結構已經被破壞,這時候的茄子不可能再吸收體內的油脂。 所以,無論是生喫還是熟喫,茄子都不可能達到幫助人體排油降脂的效果。 注意:茄子最好不要生喫,有中毒的危險。 茄子中含有一種有毒物質-茄鹼,茄子皮顏色越深,茄鹼含量越高,一般每百克茄子中含有的茄鹼不超過8毫克,健康成年人就算生喫也達不到中毒劑量,但是老人、小孩兒和特殊狀態的人就要注意了,少喫爲好。 2.喫芹菜可以降血壓？ 芹菜本身很好,富含膳食纖維,能夠增加飽腹感、幫助腸道蠕動,但是它不治病。芹菜雖有一定的控制血壓作用,但是絕對達不到人們需要的降壓效果。 治療高血壓是專業醫生的事情,作爲患者需要第一時間找專業醫生幫忙,而不是給芹菜施加額外的""壓力""。 3.喫菠菜可以補鐵？ 菠菜中含鐵量相對較高,但是卻不容易被人體吸收。 膳食中的鐵分爲血紅素鐵和非血紅素鐵,血紅素鐵容易被人體吸收,主要存在於動物紅肉、肝臟血液中；菠菜或者豆類、穀類、蛋類中的鐵,一般都是非血紅素鐵。 一般來說,如果動物性食物中的血紅素鐵的吸收率有10分的話,那麼植物性食物中鐵的吸收率還不到1分,甚至只有零點幾分,相差十幾倍。 4.喫香蕉能治療便祕？ 很多人在便祕時,會選擇喫兩根香蕉來促進排便。 研究表明,香蕉確實有防治便祕的功效,這主要是由於香蕉含有豐富的低聚果糖,該物質可攜帶水分,使大腸保持溼潤,預防便祕的發生,並減少有毒代謝物對腸壁的刺激,對腸癌也有預防功效。 此外,香蕉中的纖維素也有促進腸道蠕動、加快糞便排出的作用。 但是,需注意:成熟的香蕉纔有潤腸通便的作用,而生香蕉的作用恰恰相反。別喫錯了哦！ 5.喫木耳可以清肺嗎？ 揮之不去的霧霾,也催生了一堆清肺小偏方,其中最爲惹眼的就是""常喫木耳可以清肺""。對此,專家表示,這種說法並沒有足夠的理論依據。 無論是木耳、銀耳,還是豬血,喫進去後穿腸而過,和肺一點關係都沒有。 我國傳統的""清肺食物""清的是""傳統醫學上的肺""。而在傳統醫學裏""清肺"",一般是指減緩跟呼吸道有關的症狀,比如咳嗽、痰多等。 古人開出""清肺食譜""或者""清肺藥方""的時候,大概還意識不到空氣污染這回事。所以""清肺""食物能清理""被空氣污染的肺""實屬無稽之談。 6.喫韭菜可以壯陽？ 韭菜被認爲是壯陽菜,其實是極其荒謬的。因爲從古至今,並沒有任何關於韭菜可以壯陽補腎的證據。 李時珍的《本草綱目》上記載的韭菜可以""韭籽補肝及命門,治小便頻數,遺尿"",並無提到""壯陽""一說。 有人認爲,韭菜可以""壯陽""的證據是:韭菜含有一種""神奇""的物質-鋅。但是...查閱《中國食物成分表》之後,發現韭菜中鋅的含量相當低,甚至連香菇也比不上。 即使鋅具有促進雄性器官的正常發育,並維持精子的活性,同時可以提高人體免疫力的作用。但男士若想通過喫韭菜來提升雄性威風,恐怕有些勉強。 7.喫木瓜可以豐胸？ 傳統醫學裏說的木瓜豐胸源自""以形補形""的理論,沒有任何科學依據。 當然了,也有觀點認爲木瓜中的木瓜酵素和β胡蘿蔔素(在人體內能轉化爲維生素a)能起到豐胸的作用,需要解釋的是,木瓜酵素是一種蛋白酶,進入人體後,會被胃蛋白酶分解,失去酶的活性,根本沒法發揮作用。維生素a也沒有刺激雌激素分泌的作用。所以總結來說,木瓜並沒有豐胸的功效。 要想通過木瓜豐胸,除非...直接切成兩半,塞到那裏去。 人類的大多數食物,只要量別太大,喫點兒沒什麼壞處,也沒什麼太大的益處,均衡飲食最重要。如果生了病想單靠""喫""來治病,後患無窮,一定要到正規醫院及時治療。隨手轉發,別讓父母再受騙了！"
喫降壓藥有沒有最佳時間？,"根據原文“一般降壓藥來說早上起牀即用效果較好,因爲早上人的血壓有升高趨勢,所以早起後服用降壓藥會起到降壓平穩的效果。同理,請勿過晚服用降壓藥,因爲夜晚睡眠人體血壓會降低,如果血壓過低也會引起不適的表現。” 綜上可知，早上起牀是喫降壓藥的最佳時間。",86304,健康,"血壓高喫降壓藥也有方法,注意這幾點,才能穩定血壓,不升高","如今高血壓是越來越年輕化,不僅老年人經常患有高血壓,年輕人也有不少人患有高血壓。 高血壓和生活習慣以及個人體質有密切關係,肥胖、缺乏運動、遺傳等等。即便是患有高血壓,患者也不必過分焦慮,目前我國有很多治療方式和膳食方案來改善高血壓,快速降壓可以服用降壓藥,但是喫降壓藥也有方法。 如果不注意服用降壓藥的方法會導致血壓不達標,甚至還會引發其他疾病,造成無法挽回的後果！因此,合理用藥才能得到更好的效果,讓我們保持健康。 那麼喫降壓藥有沒有最佳時間？早上空腹能喫降壓藥？血壓低了可以減量？關於降壓藥的常見問題解答,不妨看看我以下分爲三步爲您答覆。 喫降壓藥有沒有最佳時間？ 答案是:有的。一般降壓藥來說早上起牀即用效果較好,因爲早上人的血壓有升高趨勢,所以早起後服用降壓藥會起到降壓平穩的效果。同理,請勿過晚服用降壓藥,因爲夜晚睡眠人體血壓會降低,如果血壓過低也會引起不適的表現。 另外,不同降壓藥對胃的刺激不同,根據醫生的安排和指導,對胃部刺激性略高的降壓藥應飯後服用。 人體一般血壓峯值與谷值爲:上午八點至十點、下午三點至五點,血壓爲一天最高的峯值。凌晨兩點至四點,血壓爲一天最低的谷值。 早上空腹能喫降壓藥？ 早上空腹一般是可以服用降壓藥的,主要是看降壓藥是否有刺激性,如果空腹食用刺激性較強的降壓藥,會引起不適,建議經過醫生指導或者根據用藥說明服用降壓藥。 另外可以跟醫生要求推薦對胃刺激較小的降壓藥換藥服用,每天養成測量血壓的習慣,將血壓保持在正常值即可。 血壓低了可以減量？ 當然是不可以。因爲高血壓分爲原發性高血壓和繼發性高血壓兩種,在未確定這兩種類型高血壓之前是不建議減量服用降壓藥的,可以去正規三甲類醫院心內科排除爲繼發性高血壓的可能,根據血壓的情況、患者的年齡、藥物的配方等等因素綜合考慮是否降壓。 一般如果維持在100左右可以考慮減量,一般根據季節,夏天要減量的患者比冬天要多,所以即便是降壓藥減量也要根據季節和自己身體的情況,每天測量血壓,每季複查血壓來控制好血壓情況。 以下幾個小動作做按摩可以對您緩解血壓有幫助 1、筆桿按壓""血壓反應區""3分鐘左右,每天3次 2、手指按壓""心包區""3分鐘左右,每天3次 3、手指按壓""神門穴""、""大陵穴""、""血海穴""、""三陰交穴""3分鐘左右,每天3次 4、用按摩捶輕輕敲打足底""腎臟反射區""、""心臟反射區""各五分鐘 5、每天早起用橡皮筋在手指中指與無名指各繞三圈,1分鐘除去,每天3次 高血壓是一種常見的慢性病,藥物可以快速控制血壓,但不是最好的治療方案,膳食和運動是改善血壓增強體質的好方法,每天注意減少攝入過多脂肪和油脂,減輕體重,適量運動以及放鬆心情,都是有助於緩解高血壓症狀的。"
什麼是葛根，它有什麼功效？,"根據原文“葛根小時候經常喫,可以直接喫,也可以煲湯,是老少皆宜的滋補品。葛根還被譽爲""千年人蔘""。葛根也具備非常好的擴張血管和疏通血液作用,被稱爲""護肝寶""。葛根的作用是葛根素能改善微循環,提高血流量,抑制血小板聚集。 還具有β-受體阻斷效應,抑制腎素-血管緊張素系統,影響血漿兒茶酚胺代謝,改善血管的順應性,因此具有降壓功能。研究發現,葛根煎劑、醇浸劑能對抗垂體後葉素引起的急性心肌缺血。葛根總黃酮能擴張冠脈血管和腦血管,增加冠脈血流量和腦血流量,降低心肌耗氧量,增加氧供應。不僅如此,葛根對於男人女人來說都是寶 女人喫葛根,養肝美顏。”",44168,健康,"解救保肝的中藥,護肝降三高,功效可比三七,有奇效","三七是大家熟知的藥材,可治療很多慢性疾病,今天推薦一種藥物,功效可比三七,可惜很多人都不知道 葛根小時候經常喫,可以直接喫,也可以煲湯,是老少皆宜的滋補品。 葛根還被譽爲""千年人蔘"" 葛根也具備非常好的擴張血管和疏通血液作用,被稱爲""護肝寶""。 葛根的作用 葛根素能改善微循環,提高血流量,抑制血小板聚集。 還具有β-受體阻斷效應,抑制腎素-血管緊張素系統,影響血漿兒茶酚胺代謝,改善血管的順應性,因此具有降壓功能。 研究發現,葛根煎劑、醇浸劑能對抗垂體後葉素引起的急性心肌缺血。 葛根總黃酮能擴張冠脈血管和腦血管,增加冠脈血流量和腦血流量,降低心肌耗氧量,增加氧供應。 不僅如此,葛根對於男人女人來說都是寶 女人喫葛根,養肝美顏 葛根有助於我們肝臟正常代謝,肝氣疏泄正常了,氣血就不會瘀滯。氣血暢通,肝臟就不覺得堵,女人的皮膚自然好起來,人也會精神很多。"
貧血者在補血的同時還需要補什麼？,根據原文“補血的同時還必須補氣。氣與血互相轉化。”可知，貧血者在補血的同時還必須補氣，因爲氣與血互相轉化，氣能生血、行血，血可以由氣轉化而來，補氣可促進血液凝固，控制出血，幫助穩定病情。,104287,健康,貧血者必須要補氣,"受訪專家:東南大學附屬中大醫院中醫內科副主任醫師 朱欣佚 面色蒼白、頭暈眼花、脣甲色淡,出現這些貧血症狀時,很多人第一反應是喫一些補血的藥物,如阿膠、當歸等。但是,東南大學附屬中大醫院中醫內科副主任醫師朱欣佚指出,這些具有補血功效的中藥未必能幫你搞定貧血,因爲補血的同時還必須補氣。 氣與血互相轉化。中醫認爲""氣爲血之帥,血爲氣之母"",氣血同根同源,可互相轉化。氣能生血、行血,血可以由氣轉化而來,並在氣的推動下乖乖地呆在血管中,源源不斷地正常運行,爲身體提供充足的養分和動力。同時,氣是無形的,需以有形之血爲載體,存在於血液中,得到血液的滋養,氣旺而生血。 補血藥大多難吸收。中醫常用當歸、白芍藥、阿膠、地黃、何首烏等藥材來補血,但這些補血藥質地黏膩,單純服用並不能很好地被人體消化吸收,尤其是脾胃功能不好的人,如老人、腸胃不適的人,服用後不僅吸收困難,不能讓珍貴的藥材物盡其用,還容易給消化系統帶來負擔,出現腹脹、大便稀溏等不適症狀。 健脾補氣可糾正貧血。朱欣佚介紹,貧血患者要想正確補足體內血液還需從健脾補氣入手。產後大出血產婦、外傷出血患者、術中出血量多的患者,在現代,可以通過輸血將血容量快速補上來,但在古代或沒有輸血條件的地方,可能就要用到大劑量的補氣藥物。""有形之血不能速生,無形之氣所當急固""。也就是說,人在出血的同時氣亦隨血而脫,單用補血藥物會面臨吸收難題,而補氣可促進血液凝固,控制出血,幫助穩定病情,古時搶救休克患者就常用人蔘大補元氣。還有一類慢性出血患者,如月經量多、月經淋漓不盡、慢性腎病有血尿的患者等,可用補氣藥物止住慢性出血,繼而加以補血藥物調理以糾正貧血。 中醫補氣的經典方劑爲四君子湯:人蔘(後人以黨蔘代替人蔘,更適合日常服用)、白朮、茯苓、甘草,此方健脾益氣,能增強身體運化之力；中醫補血養血經典方劑爲四物湯:當歸、地黃、芍藥、川芎,有補血活血的功效。四君子湯還可和四物湯合用爲八珍湯,達到補氣和血的雙重功效。 另外常用的還有十全大補丸,其實就是八珍湯中的八味藥加上補氣的黃芪和溫陽的肉桂,既能氣血雙補,又能兼顧改善氣血虧虛導致的虛寒症狀,再生障礙性貧血患者和腫瘤患者有時會以此藥來滋補身體。專家建議貧血患者先去醫院就診,根據診斷結果在醫師指導下辨證合理用藥。"
爲什麼經常搓腰可以幫助預防腰痛問題？,"根據原文“日常生活中,我們把雙手握成拳頭狀,隨後從腰眼的地方進行旋轉按摩。也可以先把雙手搓熱,隨後放到腰部上下進行按摩,這樣做能夠幫助我們讓毛細血管擴張,提高腰肌的耐力,預防由於風寒或是過度勞累導致的腰痛問題。”可知，經常搓腰可以幫助毛細血管擴張，提高腰肌的耐力，從而預防由於風寒或過度勞累導致的腰痛問題。",47599,健康,"身體這6個部位,經常搓一搓,可以助你延年益壽!","日常生活中,當我們忙碌一天之後,身體勢必會出現疲憊、眼睛酸澀、腰膝痠軟等問題；這個時候,我們可以通過搓臉或是搓耳朵來起到提神醒腦的作用。其實我們身體上的一些部位,經常搓一搓還能夠起到舒筋通絡和活血化瘀的作用。沒事搓搓這6個部位,能讓你延年益壽,很多人還不知道！ ■身體這6個部位,經常搓一搓,可以助你延年益壽！ 搓腰: 日常生活中,我們把雙手握成拳頭狀,隨後從腰眼的地方進行旋轉按摩。也可以先把雙手搓熱,隨後放到腰部上下進行按摩,這樣做能夠幫助我們讓毛細血管擴張,提高腰肌的耐力,預防由於風寒或是過度勞累導致的腰痛問題。 搓手: 日常生活中,在我們的手上有着較多的穴位,不同穴位跟不同身體器官相互對應,經常對相關的穴位進行適當的按摩,能夠幫助我們調節五臟六腑。具體的操作方法就是兩手心跟手背進行互搓,一直搓到發紅發熱即可,這樣做能夠強壯我們的身體。 搓耳朵: 日常生活中,在我們的耳朵上有着較多的穴位,它們跟身體上的多個地方都是息息相關的。從中醫的角度上來說,腎臟開竅於耳,經常對着耳廓進行搓一搓,能夠起到補腎壯腰以及延年益壽的作用。平時搓一搓外耳廓能夠促進毛細血管的充盈,改善外周的循環,輔助治療上火問題。具體就是把耳廓從下到上搓到局部發熱發燙即可。 搓臉: 通常來說,面部表情較爲豐富的人是很容易出現表情紋的,經常搓一搓面部能夠起到促進血液循環的作用,提高受制的靈活性,讓面部皮膚得到充足的血液供給以及營養物質。身體疲勞時不妨對着額頭搓一搓,可以讓面部變得更加舒適,同時還能夠幫助我們提高眼睛的明亮度。 搓鼻子: 日常生活中,在睡覺前或是晨起之後,使用冷水搓一搓鼻翼,能夠在一定程度上改善局部血液循環,有效改善鼻塞和打噴嚏的問題。對於沒有鼻竇炎或是鼻炎的朋友而言,沒事對着鼻子搓一搓能夠促進血液循環,對着相關的穴位進行刺激,能夠提高鼻粘膜的抗病毒能力。我們需要使用兩手的食指從眉頭中間順着鼻樑不停上下搓,直到鼻翼微微發紅即可。 搓頭皮: 日常生活中,隨着年齡不斷的增長,很容易會出現白頭髮。平時對着頭皮搓一搓能夠有效預防白髮增多的作用。我們只需要使用到五根手指頭,搓一搓頭皮,這樣做能夠促進毛囊的血液循環,讓毛囊得到充足的血液供給,刺激黑色素細胞生成,提高細胞活性,促進分裂過程,有利於頭髮變黑。 結語:日常生活中,我們除了對身體這些部位搓一搓之外,也別忘了搓一搓腳足；畢竟腳足是我們身體的第二心臟,經常沒事搓一搓能夠調整身體的機能,從而幫助我們起到延年益壽的作用。"
飲料中的糖分和二氧化碳對我們的健康有什麼影響？,"根據原文“每天喝飲料不僅對我們的健康有害,而且會使我們的身體越來越胖”，飲料中含有的糖分和二氧化碳對我們的健康有害無益。長期喝飲料會導致身體逐漸變胖，並對健康造成損害。",44690,健康,這4個壞習慣 會讓你越來越胖 趕緊改正,"很多人覺得沒喫多少東西,爲什麼會突然變胖呢？而且胖起來還一發不可收拾。如果你有這些不良習慣是導致肥胖的最大原因,看看你是否中招了？1、只喝飲料天氣一熱,飲料就變得越來越受歡迎,然而,每天喝飲料不僅對我們的健康有害,而且會使我們的身體越來越胖,飲料中含有的糖分和二氧化碳對我們的健康有害無益。建議:每日口渴喝溫水是最好的,既解渴又有益健康。2、喫甜食甜食是許多女孩最喜歡的食物,只要是精緻的甜食,都會讓女孩愛不釋手。但是甜食含糖量和卡路里很高,所以愛喫甜食的人身體會逐漸發胖。建議:慢慢戒掉甜食,可以找其他替代品,但要學會控制分量。3、久坐不動現在許多人都信奉一句話:能坐着就堅決不站,能躺着就堅決不坐。這是萬萬不行的,因爲坐得太久不僅會讓你發胖,還會對人體功能造成嚴重的損害。久坐肥胖的主要特徵是脂肪堆積在腹部。如果你不想以後穿正裝的時候,坐下釦子就崩開,那就要多多站起來走動。建議:坐着每隔2小時就站起來走動一下,字少2需要走動15分鐘來拉伸你的肌肉和骨骼。4、熬夜熬夜不僅會讓我們發胖,如果嚴重的話,還會導致猝死。熬夜會使我們的身體內分泌紊亂和新陳代謝紊亂,導致我們身體的功能損傷,熬夜也是我們身體最大的殺手。建議:養成早睡早起的習慣,每天晚上11 : 30前入睡,早上6 : 30或7 : 30拉伸身體。一旦養成這種習慣,不僅可以讓你更健康,還可以幫助你保持身材,精神越來越好。如果你真想遠離肥胖,那就儘量避免以上這4個壞習慣。 特別聲明:以上文章內容僅代表作者本人觀點,不代表新浪網觀點或立場。如有關於作品內容、版權或其它問題請於作品發表後的30日內與新浪網聯繫。"
百合適合哪種失眠患者服用？,根據原文“適合有長期乾咳、痰中帶血、虛煩驚悸、多夢、精神恍惚等陰虛肺燥、心神失養症狀的失眠患者服用”可知，百合適合有陰虛肺燥、心神失養症狀的失眠患者服用。,65634,健康,這六味中藥可有效治療失眠的,"我們都知道工作壓力也是越來越大了,而且在生活中每個人都可能會遇到一些失眠的現象,大家都知道經常失眠的情況下會影響到我們的身體健康,所以大家一定要記得可以通過一些中草藥的方式可以改善,我們就應該來看看到底有哪6種藥物可以更快的去緩解和治療失眠的現象了呢。 百合 百合味甘苦,性微寒,入心經、肺經,具有潤肺止咳、清心安神的功效,適合有長期乾咳、痰中帶血、虛煩驚悸、多夢、精神恍惚等陰虛肺燥、心神失養症狀的失眠患者服用。方法是:取百合15~20克,用水煎後服用,可在晚上臨睡前一次服完。 龍骨 龍骨味甘,性微寒,入心經、肝經,具有定驚安神、平肝潛陽的功效,適合有心神不安、潮熱盜汗、夢遺遺精、心悸等陰虛陽亢症狀的失眠患者服用。方法是:取生龍骨10~15克,用水煎後服用,可在晚上臨睡前一次服完。 琥珀 琥珀味甘,性平,入心經、肝經、膀胱經,具有定驚安神、活血散瘀的功效,適合有心悸不安、驚悸多夢、肢體疼痛等瘀血擾心症狀的失眠患者服用。方法是:取琥珀粉1.5~3克,用水煎後服用,可在晚上臨睡前一次服完。 珍珠母 珍珠母是貝類動物貝殼的珍珠層,其味鹹,性寒,入肝經、心經,具有平肝潛陽、清肝明目的功效,適合有頭目眩暈、耳鳴心悸、兩目乾澀、視物昏花、脅肋隱痛、口乾咽燥、心中煩熱等肝陰不足、肝陽上亢症狀的失眠患者服用。方法是:取珍珠母粉15~25克,用水煎後服用,可在晚上臨睡前一次服完。 酸棗仁 酸棗仁味甘,性平,入心經、肝經,具有養心安神、益陰斂汗的功效,適合有煩躁不安、驚悸怔忡、煩渴、盜汗等心肝陰血不足症狀的失眠患者服用。方法是:取酸棗仁15~30克,搗碎,用水煎後服用,可在晚上臨睡前一次服完。 合歡花 合歡花味甘苦,性平,入心經、肝經,具有安神解鬱、活血消腫的功效,適合有鬱悶不樂、煩躁不安、健忘等情志抑鬱症狀的失眠患者服用。方法是:取合歡花10克,用水煎後服用,可在晚上臨睡前一次服完。 每個人都可能會遇到一些失眠的現象,所以在生活中一定要記得完全可以通過這個中草藥的方式,尤其是對一些百合或者是酸棗仁,合歡花之類的,都是非常不錯的,都是可以達到活血消腫的效果,可以更快的去治療一些失眠的現象的。"
劉嵐爲什麼病倒在手術檯上？,"根據原文“劉嵐是因爲連續多日都在高強度工作,精神高度緊張,過於勞累才導致發病的”可知，劉嵐因爲連續多日高強度工作導致過度勞累病倒在手術檯上。",96380,健康,"連續工作13小時,河源這名醫生過度勞累病倒在手術檯...","在舉國上下爲抗""疫""而戰時, 前線有不畏生死的逆行者, 後方也有迎危而上的醫護人員, 總有一種奉獻讓人感動, 總有一種忘我讓人敬仰！ 近日,河源市人民醫院泌尿外科主任醫師劉嵐因過度疲勞病倒在手術檯,據當時參與搶救的醫護人員回憶,劉嵐是因爲連續多日都在高強度工作,精神高度緊張,過於勞累才導致發病的。 清明假期過後, 前來醫院就診的病人逐漸增多, 有20多位病人相繼入住市人民醫院泌尿外科。 當日早晨8時,劉嵐一直在科室忙碌,中午11時匆忙喫了午飯後,就開始進行當天的第一臺手術。""當時身體還沒有什麼不適。""劉嵐說,因當天各科室手術較多,泌尿外科的手術就有9臺,第一臺手術結束後須緊接着準備第二臺手術,劉嵐也沒來得及喫晚飯。當晚9時20分左右,手術就要結束時,劉嵐突然感到頭暈、無力,旁邊的醫護人員在發現異常後趕緊扶其坐下休息。 ""當時以爲是低血糖導致的,喝了一瓶葡萄糖後,決定再堅持一下,反正手術就要結束了,但這時卻發現我想說話卻說不出,意識逐漸模糊。""劉嵐說。 這時,麻醉科醫護人員看到劉嵐臉色蒼白,叫其不應,馬上爲其監測生命體徵,準備搶救用物品,同時聯繫心血管內科和神經內科專家會診。結合ct檢查結果,專家診斷爲急性左側腦梗死。泌尿外科主任李鍾接到通知後第一時間到達現場,一直陪同在劉嵐身邊,完善相關檢查直至辦完入院手續。因救治及時,劉嵐現身體已無大礙。 據瞭解, 劉嵐平時工作認真負責,兢兢業業, 受到病患和同事的一致好評。 在抗擊疫情期間, 劉嵐所在的泌尿外科的全體醫護人員 凝成一股戰鬥的力量, 堅守崗位,無私奉獻。 劉嵐說:""我們是一手抗疫情,一手治 頑石 ,對於醫生而言,唯一希望的就是能夠得到患者和家屬的理解。作爲醫生,我們陪家人的時間少,每天都處在24小時待命的狀態,現在卻還要連累妻子在醫院照顧自己,把小孩子一個人丟在家。""說到孩子時,劉嵐臉上露出一絲牽掛的神情。 在多數人眼中,醫生是一個高尚而神聖的職業。但在這背後,""超負荷工作""""沒時間顧家""""提心吊膽""卻成爲大部分醫生的工作中現狀。有時一臺手術要七八個小時,遇到大手術可能需要十幾個小時,醫生不喫飯持續工作並不稀奇。但他們都全力以赴,即使生病了、累倒了,仍然選擇堅守崗位。"
孕期疼痛緩解的方法有哪些？,"根據原文“運動可以幫助預防疼痛,保持肌肉強壯可以減少肌肉緊張的幾率。參加懷孕鍛鍊課程:散步、游泳或跳舞來保持健康,但要注意安全。”以及“有時候,僅僅站起來就可以幫助緩解緊張的肌肉和相關的疼痛。單獨或交替使用熱敷或冷敷包也有幫助,熱量能使肌肉升溫,促進血液循環；腫脹會給神經增加壓力,從而引起疼痛,冷敷的寒冷可以減輕腫脹,兩種方法都試試,然後選擇適合自己的。有時候,洗個熱水澡就能讓你放鬆下來,按摩也是既放鬆又有治療的作用。”可知，緩解孕期疼痛的方法包括參加懷孕鍛鍊課程如散步、游泳或跳舞，站起來緩解肌肉緊張，使用熱敷或冷敷包，洗熱水澡以及按摩。",69551,健康,"鈞鈞媽分享:八一八準媽咪常有的幾種痛,教你緩解","懷孕的時候,你可能沒有預料到的是,在分娩之前,也會承受一些疼痛。不過,懷孕期間,因爲身體要適應體重增加、平衡變化和關節腫脹,出現一定程度的不適是正常的。接下來,鈞媽就和大家八一八孕期常見的幾種痛: 常見的幾種妊娠疼痛 妊娠早期的疼痛可能是着牀疼痛-當胚胎植入子宮內膜時,幾天內就會有抽筋的感覺。 在妊娠晚期,肋骨或肋旁疼痛,肋骨周圍的刺痛和麻木,都可能發生在胎兒在子宮的高處休息時,其重量壓在肋骨之間的肋間神經上。 腹部或盆腔疼痛可能是由於子宮附近的韌帶因重量增加而拉伸,壓迫該區域的神經而引起的。 坐骨神經疼痛也相當常見,當激素鬆弛素開始放鬆盆腔關節之間的連接時,肌肉會繃緊以承受增加的重量,給腿部的神經帶來壓力。坐骨痛通常可以通過運動、姿勢的改變、坐位和睡姿來減輕。 這兩種痛,讓孕媽咪甚爲苦惱 腸胃痛 懷孕期間胃部不適並不罕見,孕婦全身發生變化時,腹脹、腹痛和脹氣是正常的伴隨症狀。如果不適比較嚴重的話,建議去看醫生。 背部疼痛 背痛是懷孕時最常見的問題之一。據估計,50%的孕婦會感到背痛。事實上,大多數女性可能認爲是腰疼,不過正確的鍛鍊可以幫助預防或減輕。如穿一雙合適的鞋子:你需要支撐,鞋墊加一些填充物可以幫助緩衝你的腳和腿。照顧好你的腳,還有注意調整你坐的椅子,枕頭和姿勢,建議試着抱着枕頭睡覺,膝蓋彎曲,避免仰臥。 如何緩解孕期疼痛 運動可以減輕懷孕時的疼痛 鍛鍊可以幫助預防疼痛,保持肌肉強壯可以減少肌肉緊張的幾率。參加懷孕鍛鍊課程:散步、游泳或跳舞來保持健康,但要注意安全。懷孕時,因爲關節在軟化,肌肉需要更努力地工作,提東西或蹲下來時要特別小心,千萬不要挑戰你的極限！ 其他緩解措施 有時候,僅僅站起來就可以幫助緩解緊張的肌肉和相關的疼痛。單獨或交替使用熱敷或冷敷包也有幫助,熱量能使肌肉升溫,促進血液循環；腫脹會給神經增加壓力,從而引起疼痛,冷敷的寒冷可以減輕腫脹,兩種方法都試試,然後選擇適合自己的。有時候,洗個熱水澡就能讓你放鬆下來,按摩也是既放鬆又有治療的作用。"
阿莫西林和頭孢有什麼區別？,"根據原文“頭孢是頭孢類抗菌藥的總稱,分很多代,適應症也有差別的。頭孢類藥物可分佈於身體各個部位,因此各個組織器官發生了感染,只要致病菌對頭孢敏感都可以選用它。阿莫西林膠囊：屬青黴素類抗生素。”可知，頭孢是一類抗菌藥的總稱，適應症和藥物分佈在身體各個部位有差別；而阿莫西林是屬於青黴素類抗生素。因此，它們在藥物成分、適應症和作用方式上有明顯區別。",36292,健康,阿莫西林和頭孢有什麼區別!,"生活中我們都知道對一些藥物很多人都不瞭解它的一些功效和作用到底是什麼樣子的,對於這個阿莫西林和頭孢之類的到底會存在一些什麼樣的區別的呢？現在我們就應該來具體的介紹一下,在我們的身體有了疾病的情況下,在家裏面自己就可以去喫藥物,而且可以更快的去緩解一些疾病了。 阿莫西林膠囊頭孢都是抗生素,但是屬於不同類別,適應症也不一樣的。那麼,阿莫西林膠囊與頭孢的區別都有哪些？ 頭孢:頭孢是頭孢類抗菌藥的總稱,分很多代,適應症也有差別的。頭孢類藥物可分佈於身體各個部位,因此各個組織器官發生了感染,只要致病菌對頭孢敏感都可以選用它。它是一種殺菌劑,濃度足夠的話可以把細菌殺死,而不像四環素、紅黴素、氯黴素那些抑菌劑,常規劑量下主要起抑制細菌生長的作用。因此頭孢類藥物可以用於比較危重的感染。 阿莫西林膠囊:屬青黴素類抗生素。適用於敏感菌(不產β內酰胺酶菌株)所致的下列感染: 1、溶血鏈球菌、肺炎鏈球菌、葡萄球菌或流感嗜血桿菌所致中耳炎、鼻竇炎、咽炎、扁桃體炎等上呼吸道感染。 2、大腸埃希菌、奇異變形桿菌或糞腸球菌所致的泌尿生殖道感染。 3、溶血鏈球菌、葡萄球菌或大腸埃希菌所致的皮膚軟組織感染。 4、溶血鏈球菌、肺炎鏈球菌、葡萄球菌或流感嗜血桿菌所致急性支氣管炎、肺炎等下呼吸道感染。 5、急性單純性淋病。 6、本品尚可用於治療傷寒、傷寒帶菌者及鉤端螺旋體病；阿莫西林亦可與克拉黴素、蘭索拉唑三聯用藥根除胃、十二指腸幽門螺桿菌,降低消化道潰瘍複發率。 阿莫西林膠囊說明書 服用阿莫西林膠囊時應注意: (1)用前必須做青黴素鈉皮膚試驗,陽性反應者禁用。 (2)傳染性單核細胞增多症患者應用本品易發生皮疹,應避免使用。 (3)療程較長患者應檢查肝、腎功能和血常規。 (4)阿莫西林可導致採用benedict或fehling試劑的尿糖試驗出現假陽性。 (5)下列情況應慎用:① 有哮喘、枯草熱等過敏性疾病史者。② 老年人和腎功能嚴重損害時可能須調整劑量。 阿莫西林和頭孢之類的其實都是屬於一種抗生藥,而且對一些感冒咳嗽的人來說,也是有着非常大的一些效果的,可是平時的時候,大家不要亂去用一些藥物,因爲有的藥物喫了以後可能會引起一些副作用,所以有了疾病的情況下應該要多注意,儘快的,應該要選擇適合自己喫的藥物,或者是根據醫生的建議去用一些藥物纔行。"
什麼是高同型半胱氨酸血癥？,"根據原文“血同型半胱氨酸(hcy)是一種人體中的非必需氨基酸,含硫基,是人體內蛋氨酸代謝過程中由甲硫氨酸去甲基化所生成的。 成人空腹血清總血同型半胱氨酸hcy正常值爲4-12μmoll,理想值:10μmoll；15μmoll可診斷爲高同型半胱氨酸血癥(hhcy)。”高同型半胱氨酸血癥是指血液中同型半胱氨酸濃度升高，達到或超過15μmoll的水平，屬於一種代謝性疾病。",102734,健康,"預防糖尿病大血管併發症,一定要做高同型半胱氨酸這項檢查","糖尿病目前已成爲繼惡性腫瘤之後的嚴重危害人類身心健康的慢性非傳染性疾病。 糖尿病大血管併發症(心腦血管疾病)是糖尿病患者致殘、致死的主要原因。有報道顯示,糖尿病的大血管病變除了與患者年齡、體質指數、吸菸、血壓、血脂、血糖有關外,還與血同型半胱氨酸(hcy)有關。 1.什麼是高同型半胱氨酸血癥？ 血同型半胱氨酸(hcy)是一種人體中的非必需氨基酸,含硫基,是人體內蛋氨酸代謝過程中由甲硫氨酸去甲基化所生成的。 成人空腹血清總血同型半胱氨酸hcy正常值爲4-12μmoll,理想值:10μmoll；15μmoll可診斷爲高同型半胱氨酸血癥(hhcy)。 2.高同型半胱氨酸血癥對糖尿病患者的危害有哪些？ 糖尿病患者血漿同型半胱氨酸水平與心血管死亡率呈正相關。大量學者研究證實,患有高同型半胱氨酸血癥的人,其心臟和血管平滑肌呈現炎症反應和病態重構。 高同型半胱氨酸血癥(hhcy)會影響機體的冠狀動脈和外周動脈、靜脈,引起血管舒縮功能障礙和血栓形成。 當血同型半胱氨酸(hcy) 濃度升高時,形成超氧化產物,導致血管內皮細胞損傷,刺激血管平滑肌細胞過度增長,並破壞血管內皮細胞,使斑塊形成,從而導致糖尿病患者患缺血性心臟病,缺血性腦血管疾病和外周血管疾病的風險增加。 過量的血同型半胱氨酸(hcy) 是有毒的,它會降低參與不同細胞過程的蛋白質的表達,從脂質、蛋白質、碳水化合物和能量代謝到解毒及抗氧化防禦。 因此,對糖尿病患者應早期監測血同型半胱氨酸(hcy) 水平並及時進行干預,對心疾病的預後的有重大意義。 3.如何預防高同型半胱氨酸血癥？ 高同型半胱氨酸血癥(hhcy)在一種常見的代謝性疾病。主要與人體內約12 的同型半胱氨酸經甲基化途徑重新合成甲硫氨酸,剩餘約12 經轉硫途徑不可逆轉化成半胱氨酸和α-酮丁酸,此過程需要依賴維生素b6。 根據hcy的代謝機制,推測補充葉酸、維生素b12、維生素b6可降低hcy水平。 生活中可通過多食用穀物、雜糧,深綠色蔬菜,規律運動,對血同型半胱氨酸(hcy) 異常者可口服補充維生素b6、維生素b12、葉酸,有效的降低血漿中的高同型半胱氨酸。 所以,糖友一定要關注自己的血同型半胱氨酸,採取健康的生活方式可有效降低高同型半胱氨酸血癥的發生。"
什麼是骨刺？,"根據原文“骨刺是骨質增生的俗稱,它既非完全由骨構成,也不尖銳如刺。醫學上的正確名稱應該是骨疣。”可知，骨刺是骨質增生的俗稱，它不是完全由骨構成，也不尖銳如刺，正確的名稱應該是骨疣。",86220,健康,"骨刺可發生於全身骨骼的很多地方,常見症狀有哪些?","骨刺是骨質增生的俗稱,它既非完全由骨構成,也不尖銳如刺。醫學上的正確名稱應該是骨疣。骨刺是關節因種種原因造成軟骨的磨損、破壞,並促成骨頭本身的修補、硬化與增生,是一種自然的老化現象,一般長骨刺就表示此人的脊椎進入老化階段。骨刺不僅會影響患者的行動能力,更會給患者帶來巨大的痛苦,並且隨着病情的發展,其影響也越來越大。 骨刺可以發生於人體全身骨骼的很多地方。年輕人的關節軟骨富有彈性,可以承受一定的壓力,隨着年齡的增加,出現軟骨下面硬化,關節因負重和運動產生刺激,周圍軟骨過度增生,骨化形成骨刺,也有些人長期從事特殊姿勢的運動,骨關節活動過度造成損傷因此造成肌肉韌帶筋膜等軟組織及骨質發生變化從而形成骨刺。 骨刺沒有症狀一般不需要治療。只是有時骨質增生造成了疼痛、腫脹、肢體功能障礙等症狀,影響生活的時候,才把骨質增生作爲疾病來看待,才需要做相應的治療。 骨刺出現症狀根據發病的位置不同,常見症狀表現爲以下幾個方面: 一、腰椎骨刺。腰椎骨質增生會引起患者腰痠背痛,腰背部僵硬與疲乏感,甚至彎腰受限。如鄰近的神經根受壓,可引起相應的症狀,出現局部疼痛、發僵、後根神經痛、麻木等。如壓迫坐骨神經可引起坐骨神經炎,出現患肢劇烈麻痛、灼痛、抽痛、串痛、向整個下肢放射。另外過低的氣溫及潮溼的氣候,也會使腰椎骨質增生症狀加重。在勞累後、搬重物時、因爲某些原因導致腰部輕微扭傷患者會有腰部不協調的感覺,進而使腰椎骨質增生急性發作,導致腰部疼痛加重。 二、膝關節骨刺。患者一側或雙側的膝關節都會產生不適感,或者會出現疼痛及腫脹。最初的疼痛表現出現在腿部長時間的活動後,休息後會有所好轉。隨着病情的加重,患者在走路時也會出現疼痛的感覺。由於關節不穩定,造成患者活動不便,伸屈活動有彈響聲。 三、足跟骨刺。表現爲足根壓痛,腳底疼痛,早晨重,下午輕,起牀下地第一步痛不可忍,時輕時重,走路時腳跟不敢用,有石硌、針刺的感覺,活動開後症狀減輕。足跟骨部位長骨刺, 多見於中老年人。 四、頸椎骨刺。頸椎骨質增生會引起患者各種類型的頸椎病。輕度患者會有頸部不適、疼痛的症狀。嚴重者會引起頸椎病性高血壓、心腦血管疾病、胃炎、心絞痛、吞嚥困難等。 骨刺患者宜多喫富含鈣和維生素d的食物。如甘藍、粟子、蚌類、大多數綠葉蔬菜、海帶、燕麥、鮭魚、沙丁魚、海菜、芝麻、小蝦、黃豆等。要經常食用全穀物和含鈣的食物。多喫富含抗氧化劑的食物如芒果、木瓜、甜瓜、葡萄、鳳梨、香蕉等。 骨刺引起疼痛時要注意休息,這是保護關節的一種方式,即引起疼痛的動作少做一些。另外,骨關節對於寒冷潮溼十分敏感,寒冷潮溼會刺激關節周圍組織,引起疼痛。所以,穿得暖和點,對保護關節很有好處。對於足跟骨刺平時生活中應該選擇橡皮底的柔軟鞋子,避免走在堅硬的地面上。儘量避免長期站立,長期行走,不時抬高足跟減輕足跟負荷。"
高齡反流性食管炎患者護理中需要考慮哪些方面？,根據原文“心理護理與疾病宣講”、“病房與口腔護理”、“飲食與康復指導”、“用藥護理”可知，高齡反流性食管炎患者護理需考慮心理護理與疾病宣講、病房與口腔護理、飲食與康復指導以及用藥護理等方面。包括糾正錯誤的疾病知識、改善心理應激反應、口腔護理、合理飲食以及用藥監測等綜合護理措施。,101712,健康,高齡老人反流性食管炎如何護理,"目前臨牀常見的消化系統疾病是反流性食管炎,具有較高發病率,是指食管下端括約肌部位的抗反流屏障功能減弱導致食管粘膜屏障功能受到損傷,誘導因素是食管廓清胃反流物能力障礙,患者表現爲胸痛、反酸與燒心等典型症狀,部分患者伴有食管潰瘍、食管狹窄或聲帶炎等症狀,病情加重誘導機體發生嚥下困難或消化性出血等併發症,使其生活質量欠佳。經調查研究顯示,反流性食管炎在高齡羣體中具有較高的發病率,分析原因是老年羣體肌肉張力減退,胃排空能力降低造成患者伴有便祕的症狀,胃部壓力或腹內壓升高對抗反流屏障造成破壞,同時高齡羣體的唾液分泌功能與食管蠕動功能減退,使得無推動性自發收縮功能降低,食管清除能力降低使得食管上皮細胞的修復能力、增生能力消弱,最終誘導疾病發生,受到臨牀工作者的高度重視,但治療期間患者對疾病知識存在錯誤理解,造成其產生焦慮、緊張或恐懼等負性情緒,不利於病情早期康復,因此早期配合對症護理具有重要意義。本研究根據""高齡老人反流性食管炎如何護理""這一問題展開如下研究。 (一)心理護理與疾病宣講 高齡患者受生理限制或心理因素的影響,入院後處於陌生的環境易產生焦慮、緊張或恐懼等不良情緒,反流性食管炎具有病程長、難治癒及易復發等特點,機體發生應激反應導致其嚥下困難而控制飲食,長此以往體重減輕,因此護士要主動與其交流溝通,闡述疾病誘因、治療重要性與可能發生的併發症等內容,糾正對疾病知識存在的錯誤理解,改善心理應激反應且搭建融洽的護患關係,給予心理疏導緩解心理壓力,鼓勵家屬給予患者安慰與支持,營造溫馨的家庭氛圍重建戰勝疾病的信心,提高治療依從性。 (二)病房與口腔護理 住院期間爲患者營造較舒適的病房環境,定期利用紫外線清潔消毒,開窗通風確保空氣流通,反流物帶苦味或呈酸味,夜間熟睡時經常發生,反流物到達口腔內食物殘渣發生腐敗後會滋生細菌,誘導口腔潰瘍發生,因此囑咐患者餐後漱口且早晚刷牙,生活難自理者以自身口腔黏膜情況爲基點合理使用口腔護理溶液。 (三)飲食與康復指導 治療後待患者病情穩定,配合臨牀醫師合理制定膳食計劃,增加維生素、蛋白質與低脂肪食物的攝入,遵守清淡、易消化與易嚼飲食的原則,滿足機體實際所需的營養需求,禁忌食用辛辣刺激與生冷的食物,保持禁菸禁酒且睡前不進食,提高抵抗力與免疫力,同時鼓勵患者適當的運動,如散步、力所能及的家務活動,注意季節變化對病情的影響,預防受涼或咳嗽。 (四)用藥護理 治療後要實時監測患者的各生命體徵,指導其按時按量的正確服用藥物,但高齡患者受多因素影響,伴有器官退行性改變或生理功能較差者需高度重視用藥指導,對心律變化與心動過緩情況要定期觀察,若發生便祕者遵醫囑給予適量通便藥物,確保大便通暢,定期觀察患者的腎臟功能,若伴有腎功能不全者要謹慎用藥,預防對病情康復造成影響,向其詳細講解用藥劑量、使用方法與可能發生的不良反應等內容,確保患者能遵醫囑按時按量用藥,提高用藥依從性與疾病的治癒率。 綜上所述:高齡反流性食管炎患者採用針對性護理措施能控制疾病進展,改善不適症狀且提高治療依從性,緩解心理應激反應確保其能懂得健康生活方式的重要性,提高治療效果且促進疾病能早期康復。"
